GenIE ID,Original rank3,GenERA round,Haplotype,chr,VAR,Location in GrCH8,ensembl_gene_id,id,RSid,pos,ref,alt,CSQ,Trait,HGNC,Unique Variant ID,Filter R1,Pass design,Filter R2,Decision 1,GeniE_2,GeniE_3,Region pos start,Region pos end,Tag,Rs ID,position,ref2,alt3,Sequence,CRISPR sequence,Protospacer,F Primer name,Fwd primer,Blast hits F,R primer name,Rev Primer,Blast hits R,Status,Q5 Tm Adj,Region % GC,Fwd tail,Rev tail,Fwd Tailed Primer,Rev tailed primer,Oligo for insertion,Oligo strand,CRISPR off targets,Notes,Checks needed,RT Primer name,RT Primer sequence,RT Primer 2 name,RT Primer 2 sequence,PCR mix,PCR temp,GenIE_1 (Kolf2_c1),GenIE_1_reseq (Kolf2_c1)
1,1,1,1.1,14,chr14_51132622_T_C,14:50665904,ENSG00000151748,3212,rs550463489,51132622,T,C,intron_variant,mpv,SAV1,14:51132622_T_C,pass,yes,yes,continue,yes,,51132123,51133122,Target,rs550463489,51132622,T,C,TAGACTTCTGGCAAGATAAGAAGGTGCAGATAATCTGTTGCTTTCTCTTCTCATTATTTCATGAGGTGTTCTTTGAATTGGAGTTCTAAGGAAACTCTGGTTTCTTGAAACTACATCTCCAGAAGTTGAAAAGGCATTAGGGCTTGAATCTGGAAGACAGATATCAGTTCGTCTTGGAATTGTTGGACCATGCCGGATGAATGAAGGCATAAGATCTACAATAAAACAAAGGATAAAATTACCCTTTCATCATTAAGTAACAAAAGTTTTCGAAATTTGTTCATTTATGTCTACCACCCCAAAATCAAAATGTCAGTCAACTTAAGAAAACACAATTTTAAATTTTGGTTTAGGATGGTACTTGGGCATTTTAAATTGAGGAAGATTAATATTTTCCCAATCAAATGAATTTATATAACTTGCATTAATGGACTATGCGTAAAAGCTCAGCTAGAATAAAATGTATTCTGCATACTACCATACATAATATGATAAAATATCAATAATCTTATCTATGAACTACACATTAATGAAATGCTCATGAATTAATGTATAAAAATAGGAAATAATATAACAAATTGATAGTTTCTAGTTAAGTAGTTTATTTTGTTGTTCTCACTTCATTTTAGAAACTGCCAAAAATCCTTCTTGAAGCAAACACAATTTCAAAAATAGAACTTAATGCTACTCCCAAATATGTAAAAGTGGATTCCTTTAAAAATTAAAAAATTAGTAGCTCTTTCTTCTCTTGGAATTACCTAGCACTAGCACAGTAATCAAAAGCTAGAAAGCCAAAAATTTATGTATGAAAATTGAAAATAAAAAGCTCTCATTTCAAAGAAGCACACAAATGTAGAAGTGGCTCAAAAAACCAAGCCTGAAACTATGTAATTATAATTCAAAATAGTAGATAATAGAACAACAGCTTTTAGGATACAGTACTTTTAAACACGAAACTTGAAAACAGCTTAAGACATTCCCAGTTAGAAAGCAAATACCT,TAGTTCATAGATAAGATTATTGA,TAGTTCATAGATAAGATTAT,SAV1 F1,TTGGTTTAGGATGGTACTTGG,2,SAV1 R1,GGGAGTAGCATTAAGTTCT,2,Ordered,59,27,ACACTCTTTCCCTACACGACGCTCTTCCGATCT,TCGGCATTCCTGCTGAACCGCTCTTCCGATCT,ACACTCTTTCCCTACACGACGCTCTTCCGATCTTTGGTTTAGGATGGTACTTGG,TCGGCATTCCTGCTGAACCGCTCTTCCGATCTGGGAGTAGCATTAAGTTCT,CTAGAATAAAATGTATTCTGCATACTACCATACATAATATGATAAAATACCAATAATCTTATCTATGAACTACACATTAATGAAATGCTCATGAATTAAT,Sense,"0: 1, 1: 0, 2: 4, 3: 77, 4: 707","Low GC area, so low Tm for primers. Primer redesigned as Amplicon too big",NGA,SAV1 RT1 ,CCGGATGAATGAAGGCATAAG,SAV1 RT2, GTTCATTTATGTCTACCACCC,SYBR Green,57,Data messy,
1.5,1.2,1,1.2,14,,14:50665815,,,rs35637875,51132533,T,G,,,,,,,,,,,51132123,51133122,Het,rs35637875,51132533,T,G,,,,,,,,,,,,,,,,,,,,In GRChr38 this SNP is T/A/G,,,,,,,,,
2,2,1,2.1,3,chr3_71355240_G_C,,ENSG00000114861,15147,rs35592432,71355240,G,C,intron_variant,lymph,FOXP1,3:71355240_G_C,pass,yes,yes,continue,yes,,71354741,71355740,Target,rs35592432,71355240,G,C,GGATAGTTACAAAACAGGATTTGTTAGGACAAAGAATAATAAAGCTGCTCTCTCTCTCTCTTTTCTTTTTAATTCCCCCTAGTCCTCACGAGCCTTTCTCTGCGAGTCCAAAATTCAGCCACATTTCCTAAGAGGCACCTGTACTTGTCTATTTCAATGCAGCCAGAAGCTGACAACGGCCCAGGAACCAGGACTGCTTTCAGGAGGCGCTCAGAAGGGCAGCAAAGTACCCTCTCAACATTAGTAAAATGAAACAAAAGTGTCAGCCTTGGCTTCGCACACACTTACCCGTTCATGGTGAGGAGGCAAAGCTTTGGGGCGGGAGAGGCAATTTTCACACAACGGAAGAAAGTTGAGAGTTTGTAAGGGAGAAACTACAGGCGCTTGGAAGCCTGCTGGCTCTCAGGGCTCCCAGGCTGGCGGCAGTGTGAGGAAGGACTGAAGGTATGTGGGCTAAACACAACAAAAGCCACTGCCTTACTCTAGATTAAATATGCAGGAAGAGGCCCCTTTGCATAAACACAAACACTCAGCAAATGAATAACTGGCTCAATCAGACGCCCGCTGTGCCTTCTACCTGTCCTCACTCTGACAGGAGACACTGCCTATTCCAGGGGACACCACTAAACAGGAGTCAGTTAAATGTTATGTTGCTATAATAACAATTAAAATGAATTGTATTCATTAGTAATTAAGAACTCACTCGTGGGGCGGGGGGGAGTGCTATTGTTGTATCTCCAGCTACTCCAAAAAGAACTTGTAGTATACCCATCCCTGGAGTTCTACTATGGGTTGCATTTCAATCTTTAACATTCAACGAATTTTAAACAATCGGTTTGTTTAGTCACAATTGTCAGATATACGTCTCGTTTCTCTGCTTTGTCACATTGTAAGTTGATACTTGTGACTCTGTACCTACAAAGATCTGTTTGATATATGCATATAAAGTGTACATATAAAAATATATACACACACATATATATATGTGCATATATACTCA,TAGATTAAATATGCAGGAAGAGG,TAGATTAAATATGCAGGAAG,FOXP1 F1,TTGGAAGCCTGCTGGCTCTC,5,FOXP1 R1,GGCAGTGTCTCCTGTCAGAGTG,3,Ordered,69,52,ACACTCTTTCCCTACACGACGCTCTTCCGATCT,TCGGCATTCCTGCTGAACCGCTCTTCCGATCT,ACACTCTTTCCCTACACGACGCTCTTCCGATCTTTGGAAGCCTGCTGGCTCTC,TCGGCATTCCTGCTGAACCGCTCTTCCGATCTGGCAGTGTCTCCTGTCAGAGTG,GGCTAAACACAACAAAAGCCACTGCCTTACTCTAGATTAAATATGCAGCAAGAGGCCCCTTTGCATAAACACAAACACTCAGCAAATGAATAACTGGCTC,Sense," 0:1, 1:0, 2:0, 3:11, 4:233",,,FOXP1 RT P1 ,CCGTTCATGGTGAGGAGGCA,,,SYBR Green,57,,
3,3,1,3.1,7,chr7_101499930_G_A,,ENSG00000257923,418,rs139141690,101499930,G,A,intron_variant,mpv,CUX1,7:101499930_G_A,pass,yes,yes,continue,yes,,101499431,101500430,Target,rs139141690,101499930,G,A,CCAGTCTGGGTGACAGAGTGAGACCCTGTCTCAAAAAAAAAAAAAAAAAAAAAAAAGGAAACAAGAAAGAAAAAAGCAGCTAAATTCTGCTGGAAGTGTGCAGTAAAGCACAAGTTTTCAGCCATCAACGCAGGGAGCCGTTAATCACGACCCATAATAACCAGAATGTTATTCCACGGTTGCGGTTTGTTTATTTCATCAGAGTTGCGTCTTCACCTATTTCCCTCCCTACTCTTAATTGTTTATCCAAGTTAGTGTTTTCCATTCTTTCACTGAAGGCTCTAAAAATGGTCCCATCAAGAAGTCTGGTAGATAATGGAAGACGAAGTGGACTTTACAGAAAGATGAATTTTCTTCCCTAGAGCTGGAAAACCCTTCAGCGTGTCATGCGTTCCCCAGCCAGGACAGACAAAGCCACGCAATCTGTTTCCTGCAGGCCCAGAGGGGAAGGCTTCCTCCTTGTGGTTAGTGACTTCAAAAGCTGTCCTCACTAGAGCAAGTCCAACTCTTCCTCTAGTTCTGATGACTTCACGGCAGCCAACTGAGCTGCTGAACGCTGTTTTTTTCTACGCAGAAACCCTCCCGACTTTCACGAGGAGTTGACAGGTTTTCCTCTTCACTCGGGCTCCCTTGTCATCGTTAAACTGAAACTGCTTTCTTGTAGCCAAATTCTGTGGTCCCTTTTCGGCCTCGGCCTCCTTGACCTCTCTGTGTCCCCACCTTGGCTCTCCCACGCCTGCCAGCCGTACCACAGGCCCCGGGTGTGAACCCTCCCTCCGCGGTCATGCAGCCACGCCTCTGCTCAAGCTGTGCCTCCTCCTGGGCGCACCCTCCCTCTCCCATCCTTCAGCCTCTGAAGTCCTGCCCAGCTCCGGTTCCTGTTTCTGTTAGGACGAGGCCCTTCAGATCCTCTCCAGCAGGTGGACTCTGTCCTGCCCCGTACCACCCGCCGCGGGCCACTTTTGGGCCTGCGCCATGTTCCTGCCCTTACCCCGCCCGG,ATCAGAACTAGAGGAAGAGTTGG,ATCAGAACTAGAGGAAGAGT,CUX1 F1,TCAGCGTGTCATGCGTTC,1,CUX1 R1,AACCTGTCAACTCCTCGTG,2,Ordered,63,52,ACACTCTTTCCCTACACGACGCTCTTCCGATCT,TCGGCATTCCTGCTGAACCGCTCTTCCGATCT,ACACTCTTTCCCTACACGACGCTCTTCCGATCTTCAGCGTGTCATGCGTTC,TCGGCATTCCTGCTGAACCGCTCTTCCGATCTAACCTGTCAACTCCTCGTG,GCTTCCTCCTTGTGGTTAGTGACTTCAAAAGCTGTCCTCACTAGAGCAAaTCCAACTCTTCCTCTAGTTCTGATGACTTCACGGCAGCCAACTGAGCTGC,Sense,"0: 1, 1: 0, 2: 0, 3: 22, 4: 276",,,CUX1 RT P1 ,ACACAGAGAGGTCAAGGAGGC,,,SYBR Green,57,,
4,4,1,4.1,16,chr16_24761046_G_A,,ENSG00000090905,2742,rs181042823,24761046,G,A,intron_variant,mpv,TNRC6A,16:24761046_G_A,pass,yes,yes,continue,,,24760547,24761546,Target,rs181042823,24761046,G,A,GGTTTTTTTTGCCCAGTAGACTCCTTCCCTGAATGGGAAGGCTGATCTGTGTGAAGGGTGTTGATTGGCAAGCTTTACTTTACAGTGTGATGGAGGGAGTGGCAGCAGCCTCCAGTAAGATGGGCTTTGTTCTGGGACAACCAAACCCATTCAAGCACCTATCAGACTCCTGTGGAAGGTTTTGTTTCTTTAGAGAGTATTTCTTTGGCTTGAGGCTGCATTTAGAAGCAGCTACTATCTGTGGCTGTGTAGGCATCTGGATGGGAAGTGGGTGGGGTTGAGTAGCTATGGCTTTTCTATTCCTTAGGCAGTCTTTTTGCTTCATGCTCTCTTGCTCTGGTCTTCTGGAACCCTCTCTAGAGCTCCACCAGAAAGGATGGTGCCTAAAACATCTATTTCAGACTGCTCTTATGTTTATTCTTGGGTGGGGTGGCTTTTGCTTTTGCTTATTCATTTGCTTTGAATAGAATAAAAAAGTAATAACCCTTTTTCCTGAAAGGTAATAACCTGTTTCCTGAAACACATTTGCGCAGTCTGTCACTTTGAAATCCTGAACCAGAGGTTCTGTTGACAACTTTAACCATTTGAGATTTTTAAAATTTAAACAAACTAATATGAAGAATACATTATTAGACCAGGCGTGGTGGCTCACACCTGTAATCCCAACACTTTGGGAGGTCAAGGTGGGCAGATCACTTGAGGTCAGGAGTTTGAGACCAGCCTGGCCAACTTGGTGAAACCCCGTCTGTACTAAAAATACAAAAATTAGCCAGGCATGGTGGCAGGTACTTGTAAACCCGGCTACTCGGGAGGCTGAGGCAGGAGAATCACTTGAACTCGGGAGGTGGAGGCTGCAGTGAGCAGAGATCATGCCACTGCATTCCAGCCTGGGTGACAGAGCAAGACTCTGTCTCAGAACAAACAAGAGTACGTTATTGTTTCCCAAGAATTGATAGAATACCTTGGAATGTTGATAGAATATGAAATTGTTGTAATGCTG,GAAACAGGTTATTATCTTTCAGG,GAAACAGGTTATTATCTTTC,TNRC6A F1,TCTCTAGAGCTCCACCAG,1,TNRC6A R1,ACCACGCCTGGTCTAATAATGTA,4,Ordered,61,36,ACACTCTTTCCCTACACGACGCTCTTCCGATCT,TCGGCATTCCTGCTGAACCGCTCTTCCGATCT,ACACTCTTTCCCTACACGACGCTCTTCCGATCTTCTCTAGAGCTCCACCAG,TCGGCATTCCTGCTGAACCGCTCTTCCGATCTACCACGCCTGGTCTAATAATGTA,GATTTCAAAGTGACAGACTGCGCAAATGTGTTTCAGGAAACAGGTTATTATCTTTCAGGAAAAAGGGTTATTACTTTTTTATTCTATTCAAAGCAAATGA,Antisense,"0: 1, 1: 0, 2: 0, 3: 7, 4: 197",,,TNR6A RT P1, CAGGCTGGAATGCAGTGGCA,,,SYBR Green,57,,
,,,,,,,,,,,,,,,,,,,,,,,,,,,,,,,TAATAACCCTTTTTCCTGAAAGG,TAATAACCCTTTTTCCTGAA,,,,,,,,,,,,,,,,,,,,,,,,,,
5,5,1,5.1,12,chr12_111844956_C_T,,ENSG00000111252,1955,rs540639423,111844956,C,T,intron_variant,mono,SH2B3,12:111844956_C_T,pass,yes,no,continue,yes,,111844457,111845456,Target,rs540639423,111844956,C,T,GAAAGTAGTCAAACTGAGGCTGTGAGCACAGATGAGCCCTTGGGTGTGGGGGCAGCGGGGGAGGATGCGCCGGCCCCTCCCCACTCCCCATTCCGGGCCATGTGGCTAAGAGGGTAGCGCCCTGATTCAGGAAGCCCCTCTCCCCAGTTCCTGCACTGCCGAGGTCGACCGGGCCAGGCCCCCGCATGCTGCTGAATTGGGCGGTTCACCAGGGCTAGGCGTCCCAGAGACAGGTTTCTGGTATTGATCCTCTCACACCTCTTGCCTGGGGTTCCCTGGGAATCCCCCGACCAAAAAACGTCTGGAGTGGGTGTTGGTCTTCTAGATCCGCACGGTAGGGATGGTATTTCAGAGGTCTCTGATGCCTGGTGCAGAAATCCCCTTCCCTCCCTTCCCTCCCTCCGGCCAGGGGAGCTTTGTTTTGAGGGAGGGGGACTGCATTTGAGGAACTGGAGAGGAGGGTCTGCCTGCCTGTCCCGCTTCTTTTTTTCTTTAGTTTCCTCATTCTCCTGTTTCTCTTCCCCATTCCCAGCCACAATGATGTAGGTGAGGAGGTCACTGCCTGCAGCTGGGGGCCTCCAGGGAGGGGCACGGCCAGGCTGGGCTGAGTGGGAGGAAGTGAAATCTGGTGGGGGGTTCAGAGCAGAGGCCCCGGCAAGGCAATGTCGGCAAGGCCAGCTTTGGTGGCAGGAGGGACCGAGATCTGACCCGCAGCCCCTCGCCGGGGAGATGACAGTTCCCTAACACCGGCTAGCAGCCAGGCCTCAGGGCCCCTGCCAGGGCAGTGGGCCTGTGGGTCTCCAGGGATGCAGGCGCAGGTTGTGTCTGGGTTTCCCATCACTGACCTGGCTGCCTGAGTGGAAACAGCTCTGGAGGCTCCTCGGGACCTGCCCTCGTGGAGGGAGAGCCGTCAGAGGCCACCTGGGCAGGCTGGGCTCGGAGGATGAGAGCCAGGGCCTACTGGGGGAAGTTGGAAGGGTTTTTAGTGCACTTTTCCTGA,GGAAGAGAAACAGGAGAATGAGG,GGAAGAGAAACAGGAGAATG,SH2B3 F1,GACTGCATTTGAGGAACTGGAG,9,SH2B3 R1,ATTTCACTTCCTCCCACTCAGC,11,Ordered,65,56,ACACTCTTTCCCTACACGACGCTCTTCCGATCT,TCGGCATTCCTGCTGAACCGCTCTTCCGATCT,ACACTCTTTCCCTACACGACGCTCTTCCGATCTGACTGCATTTGAGGAACTGGAG,TCGGCATTCCTGCTGAACCGCTCTTCCGATCTATTTCACTTCCTCCCACTCAGC,TGGAGAGGAGGGTCTGCCTGCCTGTCCCGCTTCTTTTTTTCTTTAGTTTTCTCATTCTCCTGTTTCTCTTCCCCATTCCCAGCCACAATGATGTAGGTGA,Sense,"0: 1, 1: 3, 2: 13, 3: 256, 4: 1875",More off targets than most but none link for F and R other than target,,SH2B3 RT P1 ,AAAGCTGGCCTTGCCGACAT,,,Q5,57,,HDR 15% HDR decrease p=0.03
6,7,1,7.1,12,chr12_112092462_G_A,,ENSG00000089234,12113,rs184354242,112092462,G,A,intron_variant,mscv,BRAP,12:112092462_G_A,pass,yes,yes,continue,,,112091963,112092962,Target,rs184354242,112092462,G,A,GGGAGGTGGTCCTCCCTGCACATACTCTAATCAAGGCCTATTCAGAACTAGCAAAGTCAAGTGACCTTGAGTGCCACTGGAAGGGCACATGCATTGATTAGAAGGCTCTTGTAAGAAGTTCATCAATAACTTTTAACTGCAGATCATTTTAAAACTGACTTTTTTTTTTTTTTTTGAGACAGAGTCTCGGTCTGTTGCTCAGGCTGGAGTGCAGTGGTGCAATCTTGGTTCACTGCAACCTCTGCCTCCTGGGCTCCAGCAATTCTCCTGCCTCAGCCTCCTGAGTAGCTGGGATTACAGGCGCCTGCCACCACGCCCGACCAGTTTCTGCATTTTCAGTAGAGATTGGGTTTCGCCATGTTGGCCAGGCTGGCCTCAAACTCCTGACCTCAAGTGATCTGCCTGCCTCGGCCTCCCAAAGTGCTGGGATTACAGGTGTGAGCCACTACACCTGGCCTAAAGCTGATGTTAAGCATTAATTTTTACAGACCTTGATTTTGCCCACTTACGGCATATCCAGAAACTGGGGCCCATGGCCCTGCCTGCTAAGCTCCAGGATATTCCTAGCCACCTCAGAGGTGGGCCCCAAGCCCAGCTCTGTACTGCCTATCTGAAGGCCCAAGGATAGGTGGGGACTCACAAGGTTACTAAAGTAATCATTGAGAAATTTTACAAGATTTTATTTCATACTAAGGGAATCACTGAATTACAAACACTGTCCCTAGGTCCAAAGAAAGGTTCCTAGAGCCATAATTATACACAATTATACACAGATGCTTACTAGTTTTCAGACTACCTTCTTTGGAAGTCACAGGGTTCCTTGCACATACTGGAGACAGAGCTCTGGGCCTTCCATCTGAGTTTCCACCAAAATCATACCACTTTTTAATTTTGCTAAAGTAGTGAATGGCATCTTTTTTAAAGGACTATTTTGTTAAAATTTGAAAACTGCTGCCCTAGACCTTCAGGGTGAATAATGAAGTGCCAGTATCTCTGCCCA,GCCGTAAGTGGGCAAAATCAAGG,GCCGTAAGTGGGCAAAATCA,BRAP F1,GCCTAAAGCTGATGTTAAGCA,2,BRAP R1,CTTCAGATAGGCAGTACAGAGC,2,Ordered,61,51,ACACTCTTTCCCTACACGACGCTCTTCCGATCT,TCGGCATTCCTGCTGAACCGCTCTTCCGATCT,ACACTCTTTCCCTACACGACGCTCTTCCGATCTGCCTAAAGCTGATGTTAAGCA,TCGGCATTCCTGCTGAACCGCTCTTCCGATCTCTTCAGATAGGCAGTACAGAGC,CTTAGCAGGCAGGGCCATGGGCCCCAGTTTCTGGATATGCCGTAAGTGGGTAAAATCAAGGTCTGTAAAAATTAATGCTTAACATCAGCTTTAGGCCAGG,Antisense,"0: 1, 1: 0, 2: 1, 3: 1, 4: 60",,,BRAP RT P1 ,CTCCTGGGCTCCAGCAATTCT,,,SYBR Green,57,,
7,8,1,8.1,17,chr17_7106378_G_A,,ENSG00000132535,11491,rs200489612,7106378,G,A,intron_variant,hct,DLG4,17:7106378_G_A,pass,yes,yes,continue,,,7105879,7106878,Target,rs200489612,7106378,G,A,TGACCATTCGAACTGGCCTTATAAAATGAAATGTGAAATCTTTTATCTTTTCCTGTACTCTGGAAGAGCAGAAGAATTATCTATTCCTTGAGAATTTCACAAAATTAGCCATAAAACCAACCAGGCTTTGTGCCTTCCAGGAGAGAGATCGTTGACGATCTTTTCTAGTTCTTTTATGGTAATTGATTTTCCATCTCTTCTCCAACAACAGCAAGGATCAGAGGTTGTGGCTATTTCATAGGGAATATCTGAAGAGGGACAGCTACAGGGATGTCGTGGGACTGCATGTCATGGGTTAAACGGGATGGGTCATGGGGAACTTTGGTGTTTGAAGGGCTCTCACAGGTTGTGATGTCTGGGGGAGCATAGCTGTCACTCAGGTAGGCATTGCTGGGCTTGGCCACCTTTAGGTAGACAACATCATACGTGTTCTTCAGGGCTGCCACAGCATCTTCATGCATGACGTCCTCTAGCCCCACACTGTTGACCTGGAGTCAAGGAAAGCAAAGCTCAGACAAAGCCACAAATGGCCCAAGACAGAAGCACTGGGGTGAAGTGATGAACTTGGGCCTGCCAGGGCTAGTAGGTGAGACCCAAATCTGGGCTAGAAAATGGGCTAGATGGAGTCCTCACCGCCAGGATCTTGTCTCCAATCTGCAACCTCCCATCCTTGTGGGCAGCACCCCCTTCGATGATCTTTGTTACATAGATGCTATTATCTCCTGGGATGTGCTGGTTCCCTACGCCCCCTGCGATGCTGAAGCCAAGACCTGGATGGAGGGGAGGCCAGAGGTGGGTGCCCAGGAAGCAGGCTTGGGGGCACAGGACAGTTGGGATGGGGGTGGGAACAAAATGAGTTACTACCTTTAGGCCCCTTGATGAGCTTGATCTCCATGACCTTCTCAGCCGGGGGCTTCCGGCGCATGACATAGAGGCGAACGATGGAGCCTGCCTCTTTGAGGGCTTCCACCGCCGCTGAGTGGGTCACCTCGCGCACGTC,GCTTTGCTTTCCTTGACTCCAGG,GCTTTGCTTTCCTTGACTCC,DLG4 F1,TAGGTAGACAACATCATACGTG,1,DLG4 R1,TGCAGATTGGAGACAAGATC,3,Ordered,60,52,ACACTCTTTCCCTACACGACGCTCTTCCGATCT,TCGGCATTCCTGCTGAACCGCTCTTCCGATCT,ACACTCTTTCCCTACACGACGCTCTTCCGATCTTAGGTAGACAACATCATACGTG,TCGGCATTCCTGCTGAACCGCTCTTCCGATCTTGCAGATTGGAGACAAGATC,CCCAGTGCTTCTGTCTTGGGCCATTTGTGGCTTTGTCTGAGCTTTGCTTTTCTTGACTCCAGGTCAACAGTGTGGGGCTAGAGGACGTCATGCATGAAGA,Antisense,"0: 1, 1: 0, 2: 1, 3: 26, 4: 220",,,DLG4 RT P1 ,GAGCATAGCTGTCACTCAGGTA,,,Q5,57,,
7.5,8.5,,,,,,,,,,,,,,,,,,,,,,,,,,,,,,,,DLG4 F2 ,CACAGCATCTTCATGCATGA,,DLG4 R2 ,GATGGGAGGTTGCAGATT,,,,,ACACTCTTTCCCTACACGACGCTCTTCCGATCT,TCGGCATTCCTGCTGAACCGCTCTTCCGATCT,ACACTCTTTCCCTACACGACGCTCTTCCGATCTCACAGCATCTTCATGCATGA,TCGGCATTCCTGCTGAACCGCTCTTCCGATCTGATGGGAGGTTGCAGATT,AGTTCATCACTTCACCCCAGTGCTTCTGTCTTGGGCCATTTGTGGCTTTGTCTGAGCTTTGCTTTTCTTGACTCCAGGTCAACAGTGTGGGGCTAGAGGA,,,,,,,,,Q5,57 No GC,,
7.75,,,,,,,,,,,,,,,,,,,,,,,,,,,,,,,,,,,,DLG4 R3,TTGGGTCTCACCTACTAGC,,,,,ACACTCTTTCCCTACACGACGCTCTTCCGATCT,TCGGCATTCCTGCTGAACCGCTCTTCCGATCT,ACACTCTTTCCCTACACGACGCTCTTCCGATCT,TCGGCATTCCTGCTGAACCGCTCTTCCGATCTTTGGGTCTCACCTACTAGC,,,,,,,,,,,,,
8,9,1,9.1,9,chr9_138824899_C_T,9:135933053,ENSG00000130560,4836,rs186876435,138824899,C,T,3_prime_UTR_variant,ret_p,UBAC1,9:138824899_C_T,pass,yes,yes,continue,,,138824400,138825399,Target,rs186876435,138824899,C,T,GGGGAGGGGGCTGGTTCAGAAGAGAAGTTCAAAACAAACAGCTCGGAACTGACTGCTTCCAGCAACAATAATGAGCAGAGTTCACAAAAAACAAAATAAATTCATTTTCTCATTTTAAGACACCGGTCATGTTTTTTAAAATGAAAAAAAAGGAGGAAGAGGCCAGAGGTAGGCGGAGGCAGCCGTGCTTGGGCTCAGGACCTGTGTCCCAGGAATACGGGCTCAGCTCCAGTCCCTTAAACCCAATACAACACGAGGCTTTGCCAACCAAACATGGCCACAAGGCCTCCCACATGCTGCGGTGGCCCCGGTGCCCGCCCCGGGTCAGAGCAGCCGGCACGGAGCCGCGGGGATGTGGCCTCTCGGGGACGCACGGGTTTCTTGTGCGGCACCAAGAAAAGACGAAGACAGGAAATAGGAAAAGGGACTTTATTAAAGAAAAGTCATCTGTGAGTGACTAGTTAAATTAGCATGCTTGACATTAACTCTGGGTTGAAACCTACCTCCGTCAAATAACAAGTGGACTCTCCAAGCAAATGTCTACACGGCAATTCAAGCAGCAACTCAAGAGCCCAGAGGAGCACTGGAGACGAGGCCATCACTCCACTTCCCAGTGCGACAACCACTTTTTTGTAAACACCTGTCAGATGCTAAAAATACGGCCTTACACACTACCGTCACCAAAGTTTATAAGCAATAAGATCAGAGAGCAGGAGCAGCTGCAGCACCTCTAACAGTCCAGGGCTGAGGCGCTGAAGGTGAGTTTCCAGGTGAGGTCCACTCTGCCCGGTCTCGGGCCGCACCAGGGGGCTGCTGTGGCCTGATAGCCGAGTGGAACAACGCCACCTACGTGCGATTTAGTGTCTGGAAGATTCTAGAGATCTGCAGCATGACAGGCCCCGTTTCTGGATCATTCATCCACTGGGTGCTGTTCAGTGGGTTCTCCAGCATGTCTTCAAATGCTGCAGGGAAAACAGAGCCAGCCTGAGTGCCCACGCCC,ACTTGTTATT TGACGGAGGTAGG,ACTTGTTATT TGACGGAGGT,UBAC1 F1,GGTTTCTTGTGCGGCACCA,1,UBAC1 R1,TGGAGTGATGGCCTCGTCT,1,Ordered,67,45,ACACTCTTTCCCTACACGACGCTCTTCCGATCT,TCGGCATTCCTGCTGAACCGCTCTTCCGATCT,ACACTCTTTCCCTACACGACGCTCTTCCGATCTGGTTTCTTGTGCGGCACCA,TCGGCATTCCTGCTGAACCGCTCTTCCGATCTTGGAGTGATGGCCTCGTCT,TGAGTGACTAGTTAAATTAGCATGCTTGACATTAACTCTGGGTTGAAACTTACCTCCGTCAAATAACAAGTGGACTCTCCAAGCAAATGTCTACACGGCA,Sense,"0: 1, 1: 1, 2: 0, 3: 8, 4: 97",Guide 1 doesn’t cut,,UBAC1 RT P1 ,ACAAGGCCTCCCACATGCT,,,Q5,57,,
,,,,,,,,,,,,,,,,,,,,,,,,,,,,,,,GTCCACTTGTTATTTGACGGAGG,GTCCACTTGTTATTTGACGG,,,,,,,,,,,,,,,,,New guide,,,,,,,,,
9,12,1,12.1,9,chr9_114663385_T_C,9:111901105,ENSG00000148154,6852,rs148125759,114663385,T,C,intron_variant,rdw_cv,UGCG,9:114663385_T_C,pass,yes,no,continue,yes,,114662886,114663885,Target,rs148125759,114663385,T,C,CTTCAGCTTCCTAAGTAGCTCCCAAGTAGCTGGGACTACAGGCATGCCTGGCTAATTTTTGTGCTTTTTGTAGAGACAGGGTTCTGCCATGTTTCCCAGGCTGGTCTTGAACTCCTGGACTTAAGTGATCTACCTGTCTTGGCTCCCAAAGTGCTGGGATTACAGGTGTGAGCCATCATGCCTGGCCCCCTGGAGATTTTTTAAGTTTTTTTTAAAGTTAATTCTGCTTTCTACAAACGTATTTCCTTTATTTTGTTTATTGTTATTTTTTTGAGACAGTCCTCTCTGTTGCCCAGGCTGGAATGCAGTGGCTCGATCACGGCTTCACATCCCAGGCTCGAGCAATTCTCCCACCTCAGCCTCCCAAGTAGCTGGGACTACCGGTGCATGCCATCACGCCCAGCTAATTTTTGTCACCCAGGCTGGTCTCAAACTCCTGGGCTCAAGTGATCCCCCCACCTTGGCCTCCTGAAGTTCTGGGATTACGGGCGTGAGCCACTGCGCCCAACCCAAATATGCTATCTCTAATGTACAGCAACTTCAATACCTGATGCACAGTTTTTGAATGGAATTTGCATACTCATTGTGTCAGGATAACTGCGATAAACTACCCGTCAAAAACTGGTTATGTTTTTCATGTAAATTTTAGCATTTGGGATATTATTTTTAGTTAGTACGATCTTTGCCTTAAATTCATGAATACTTGGTGTTCCAAGCCTTAGTGGAATGTAAATTGAGAACGTCTTTTTTGGGTTTAGTCCTGCCAATGCCCTTGGACTGTGGTCAAACGTTCATCAGTCAGGATCATTGCTACAGGGCTACTTTCAGGGAAATGAATAAGGCAGTCCAGCAATTCAGCCCCTTTAACCTGAGCCTGGGAAGATACGGAATTAGACTATAGTGTGATAGCTTTAAAGAACAAAGTGAGGGGCAGTGTGGGGAGGGAGAGCATCAAGAAGAATAGTTAATAGATACTGGGCTTAATACCTCGGTGATGGGA,CATATTTGGGTTGGGCGCAGTGG,CATATTTGGGTTGGGCGCAG,UGCG F1,TGGGACTACCGGTGCAT,35,UGCG R1,CGCAGTTATCCTGACACAATGAG,1,Ordered,64,50,ACACTCTTTCCCTACACGACGCTCTTCCGATCT,TCGGCATTCCTGCTGAACCGCTCTTCCGATCT,ACACTCTTTCCCTACACGACGCTCTTCCGATCTTGGGACTACCGGTGCAT,TCGGCATTCCTGCTGAACCGCTCTTCCGATCTCGCAGTTATCCTGACACAATGAG,TCCCCCCACCTTGGCCTCCTGAAGTTCTGGGATTACGGGCGTGAGCCACCGCGCCCAACCCAAATATGCTATCTCTAATGTACAGCAACTTCAATACCTG,Sense,"0: 1, 1: 2, 2: 25, 3: 242, 4: 1874",Decided to go ahead to terst as reverse is very speific,,UGCG RT P1 ,TCCAAGGGCATTGGCAGGAC,,,SYBR Green,57,,
10,13,1,13.1,19,chr19_10334725_A_G,19:10224049,ENSG00000130816,5291,rs117064827,10334725,A,G,intron_variant,hlr_p,DNMT1,19:10334725_A_G,pass,yes,yes,continue,yes,,10334226,10335225,Target,rs117064827,10334725,A,G,GCTGCCTGCCCTCACCCTGGCTCTTCACAGGTCCCCTGCCCTGGCCTCCCCAGGATCCAGTTCTAAAGGGGTCACACTAGCCACTGGACTGGCCCTCAGGACCGCACTGCAACACTGCTATGTGACTAGTCAGTGCCTTATCTGGCCTTTCCAGGTGTGAAATATTTGCAACATCACCCAGGTCTGTGGGGCGGGGGCATCTGGCTCAGTAGCCCCAAGTCTCTATCTGGGGTCACCCAGTGGCCTCTCCATGAACCCCTCTGCCCTGGCCTGGTTGTTGGTCCACCCCCACCCTCAGACCACCGTGTTGCCCTCCAGAAACGTGGGTGACGTGGGCATGTGCATGCCCCTCTCCAGGGAGCTGGAGCTGCGGAGTGGCAGGAGGTGGTGGCCCGGGGTCCCGCCCCGCCTCCGTCCTTGCACCCCCACCCCCGGCCTCCAGCACTGCAGCGGCCGAAGCACCTCCCGCCGCAGGTCCCGGCTGCGCCACGTGTAGATGACGGGGTTGAGCAGGGAATTCAGGGTGGAGACGGCGAAAAAGTAGTGGGCTTTGTAGAGGATCGGGCAGGAGTGGACGGGACAGGCATAGTCCAGAAGGAGGATGCTGAAGGCGGGCAGCCAGCAGACGATAAAGACGCCTAGCACGATGGTGACCGTCTTGAGCAGGGCTAGCGTCTGCGGGGCGGCCATGTCAGCGTGGCTTGAGCGGACCACGCAGTAGATGCGCACGTACAGGGCCACGATGGCCAACAGGATGATGGAGAAGATGGTCACCACGCACAGCACATAATGCTTGGCGTAGAGAGGCAGGACAGTGGAGCAGGCCTCGAGGTGGCCCAGGCAGTTCCAGCCAAGGATGGGCAGGCCACCGAGGACCAGCGAGATGAGCCACGAGGCCCCGATGAGCAGAAGCATGCGGCAGCTCTTGTCGCTGCCATACAGCTTGACCTTGGCAATGGCCACGTGGCGCTCAATGGCGATGGCCAGGAGGCTGAAGACA,TGCGCCACGTGTAGATGACGGGG,TGCGCCACGTGTAGATGACG,DNMT1 F1,TGGAGCTGCGGAGTGGCA,2,DNMT1 R1,CACTCCTGCCCGATCCTCTAC,2,Ordered,66,69,ACACTCTTTCCCTACACGACGCTCTTCCGATCT,TCGGCATTCCTGCTGAACCGCTCTTCCGATCT,ACACTCTTTCCCTACACGACGCTCTTCCGATCTTGGAGCTGCGGAGTGGCA,TCGGCATTCCTGCTGAACCGCTCTTCCGATCTCACTCCTGCCCGATCCTCTAC,CGCCGTCTCCACCCTGAATTCCCTGCTCAACCCCGCCATCTACACGTGGCGCAGCCGGGACCTGCGGCGGGAGGTGCTTCGGCCGCTGCAGTGCTGGAGG,Antisense,"0: 1, 1: 0, 2: 0, 3: 2, 4: 22",High GC repetitive region,,DNMT RT P1 ,CATCTGGCTCAGTAGCC,,,SYBR Green,57,,
10.5,13.2,1,13.2,19,,,,,rs2116942,10334663,T,G,,,,,,,,,,,10334226,10335225,HOM,rs2116942,10334663,T,G,,,,,,,,,,,,,,,,,,,,,,,,,,,,,
11,14,1,14.1,22,chr22_29450193_G_A,22:29054205,ENSG00000183579,14064,rs62236881,29450193,G,A,3_prime_UTR_variant,wbc,ZNRF3,22:29450193_G_A,pass,yes,no,continue,,,29449694,29450693,Target,rs62236881,29450193,G,A,TTTTTTAGCTTTGACAAACACACAAAAGTGGTAATAAAGAGAGCCCTCCTTGTCAACCCAAAATGTGAGCCCCCTGTGGCAAAACCACCCCCTACCCCATTAACAAATCAACAGACAAAATTCTCCGAGTCCTTTGCCTCTTTTGATAACATGTTGTTCTGTTTTGTAAAGTGTGTGTGCTTGGGGTTCCGAGGTGTGGGATTGAGTTCTCTGCTTTGTTTTTTTTTAAGATATTGTATGTAAATGTAAAAAGTTATTTAAATATATATTTTAAAGAACCCTAACTGCCAACTTTTGCTGAAAAAGAAAAAAAAATCACTGCTGCATTAAATGAACCACATCATGTGTAGATACTGTTGTCTCCCTGAAGGGAGCTCAGGCCTTTGAAAAGCTCAGGGCTTCACCTGCCTTAGAAAATGAACCAGAAACTTGAAGTAAAGCTAGTTGATAGGGGTACAGGCTCTGAGGAGCAGTGCAAAACTGCCTCTTTCTTTCTCGTGGCAAATCCCAATGTACACGATTTCAGGTCTCAGACGCCATGCCTCTCCAGCCCACGCCTTTAGGCAGGTGATGGCAGCAGCTAGGAATAGGGTGTACATGATCCACAGCCCTGCGGAGCCAGGTCAAGCCGCTGCTATGAAAGCTCCAGGGTGATGGGGACGATTCTGCCCAGTGTCCTCAGTCTGTCCCCTCAGGTCATGGTCCCAAGTGAAATGACAGAGTTCACAGCCCTGGTCTTGGCTGAGGTCCAGGTCATAGTAAGGGCATGTTCTTGGGGCCCTCGACCTGAACTCTGACCCTCCGGGCAGGGAAGAGGAGGTTGTCCCCTTTGGTTGTCCTGGCTTTGGAGTCCTTTGCAAAAATATTTTGGGCCCCCTGCCACTGGCTGCAGAAATGGCTCGACGGGGTGTGTGGGGACAGACACCCAGAAGGAATGTACTTTTGTGGCCTTGGTGTCCGATGGGGCTGGGGGAGAGTGCTCTCCACTGACCCAGCAGCA,AACTGCCTCTTTCTTTCTCGTGG,AACTGCCTCTTTCTTTCTCG,ZNRF3 F1,GGCTTCACCTGCCTTAGA,4,ZNRF3 R1,GGACAGACTGAGGACACT,4,Ordered,62,53,ACACTCTTTCCCTACACGACGCTCTTCCGATCT,TCGGCATTCCTGCTGAACCGCTCTTCCGATCT,ACACTCTTTCCCTACACGACGCTCTTCCGATCTGGCTTCACCTGCCTTAGA,TCGGCATTCCTGCTGAACCGCTCTTCCGATCTGGACAGACTGAGGACACT,TGGAGAGGCATGGCGTCTGAGACCTGAAATCGTGTACATTGGGATTTGCTACGAGAAAGAAAGAGGCAGTTTTGCACTGCTCCTCAGAGCCTGTACCCCT,Antisense,"0: 1, 1: 0, 2: 1, 3: 22, 4: 22",mutation is in 1st G of NGG…. Is this a problem?,NGG problem,ZNRF3 RT P1 ,CCTTACTATGACCTGGACCTCAG,,,SYBR Green,57,,
,,,,,,,,,,,,,,,,,,,,,,,,,,,,,,,ATTTGCCACGAGAAAGAAAGAGG,ATTTGCCACGAGAAAGAAAG,,,,,,,,,,,,,,,,,gRNA2 for ZNRF3 ATTTGCCACGAGAAAGAAAGAGG,,,,,,,,,
12,15,1,15.1,22,chr22_18252442_G_A,22:17769676,ENSG00000015475,10459,rs183393610,18252442,G,A,intron_variant,plt,BID,22:18252442_G_A,pass,yes,yes,continue,,,18251943,18252942,Target,rs183393610,18252442,G,A,GCCATGCCCCTGCCTGGCAGAAATGCCACCCAGCCCCTGGCAGAAACGCCTCCCCTCTCCTATGGAGGGGCTGATGACCCAGGAGCGGCTGGCTGCTGGTGTGAGTACACGGGTGACCCTTCCACAAAGGCCCCTAGCTGGGCTCCCTGCTCAGTTGGCCGGGTTTGGGGCTGGATGTCTGCAGGGGTCCTCAGGGATACCCAGAGGGAGAAACAAGGCTTTTGGGGAAATGGTGACACCTGGGGCCAGGTTTCTCACAGCCAGGCCCCATCTCTCCCTGCCTGGATTTCAGGGGAAGTGGGGCTTGGGTAAACAGGAACGGACGTGGCCATCAGGCCGGAAGGGTGTGTGGGCCACAGAGAAGCACCCTGAGGCTGTGCTGTCATCCAGAGTGCCACCCCGCTTTTCCAGGGCACAGCAAGGAAGTGCCTGCTGGAAGGATCCTGGGGACAGTTGTTAAGGCAATTTTATCTTCTCATAGCATGCCTGCCTCAGTTCCGCAGCCAGGACGGTGCCTTACTGACTCCACACACAGAGGCAGCTGGGTCCAGGAGGCAGCCATCCCAAACGCAGTGACCTCCAGCACCCAAAGCTCAGAGTTCCCAGCTGAACCCAGGAGGCACCCACCTTCCTGTCTCTAGGCAGATGCCAGCTGGTGCAGGAGCCACTCCCAGTCCCAATACCAGGCCTGGTCACGTGGTGCCCCGCCAGGCTTGGGGGTGTGCACTTGCCCGCTGGCCTCCGGTGCCCTCAGGCCTAGCCTCATTGTCACAGGAACGGAGCTCCTCGGGGATGGCCACCTTCCTGGACTTACCCCCAGGAGGGACACGCTGCTGCCTCCCAGGGCCCTTCGTGCCACTGGCCCCTTTCTTTCCACCCCCATATGCTACCCCTGCCTACTCCCTTCCCTGGCCCTGGGTTGCCACTCCTGTCCTGTTCTCCTGCTGTCCCCACCCCAGCCCTGACCCCAGATGGCTCTCCCTACAAAAACACCAGAACC,GTAAGGCACCGTCCTGGCTGCGG,GTAAGGCACCGTCCTGGCTG,BID F1,AAGGAAGTGCCTGCTGGA,1,BID R1,GTTCAGCTGGGAACTCTG,2,Ordered,64,56,ACACTCTTTCCCTACACGACGCTCTTCCGATCT,TCGGCATTCCTGCTGAACCGCTCTTCCGATCT,ACACTCTTTCCCTACACGACGCTCTTCCGATCTAAGGAAGTGCCTGCTGGA,TCGGCATTCCTGCTGAACCGCTCTTCCGATCTGTTCAGCTGGGAACTCTG,CAGTTGTTAAGGCAATTTTATCTTCTCATAGCATGCCTGCCTCAGTTCCACAGCCAGGACGGTGCCTTACTGACTCCACACACAGAGGCAGCTGGGTCCA,Sense,"0: 1, 1: 0, 2: 1, 3: 12, 4: 153",,,BID RT P1, TGCTGTCATCCAGAGTGCCA,,,SYBR Green,57,,
13,16,1,16.1,8,chr8_90995426_C_T,8:89983198,ENSG00000104320,14962,rs118026302,90995426,C,T,intron_variant,lymph,NBN,8:90995426_C_T,pass,yes,yes,continue,,,90994927,90995926,Target,rs118026302,90995426,C,T,GTGAAATAAAATTAGTAACATACCAGGTTGGTTACAGAAAAGTTAGCAGTTAACACAGCATGATTTCGGCTGATCGACTGATCATTTTCAATCAGAATGGCACAGTTTTTCCTTCCAACAACGTACTCAACGCCAGTCAAAAGTCTGTATGGTTCTCCTGAGATAAATTTTTTTTTAAAAAAAGATAAGTTGATAGACACATACACATGTACACGAACACACACATACATGTAAGTGTATATGATATAGGTATGACAAATATTAAATAAAACACCTTTGTTATTCAAATGTTAGTCAACTTTACATATGTCAAACTTGTGTTTTCAGTAAAGCCTCACTGAAGGCTATCAAAGGTTATCTAACTATGGTGTTTCAGGAGTAACAACAACAAAATTTAAAATACAATAAAAAAGAGAAAAAGAAAAAAAGGTTATCTAAATAGATAGAAGGCTACATCATTTTTCTAAAGGGAAAGCAATGCTGAAAGGAGTCAATGTTCCCTCAAATTAACTTAAAAACTTAATGTATTACCTAGCAACAATCACAATATTATGTTTGGAACTTGATAAACAAAAATATCAGGAAACTATAAAAAAAGATGCTCAAGCCTGTAATCCCAGCTACTTGGGAGGCTGAAGCAAGAGAACTGCTTGAACCCAGGGGATGGAGGTTGCAGTGAGCCGACACAGTGCCACTGCACTCCAGCCTCGGTGACAGAGTGAGACTCCGTCTCAAAAAAAAAAAAAAATCAAGAAAAATGTGAATAATATAATAGGAGCTTGCCCTACCAGATGGCAAAATATGCCATAAAACTAAAAGTATGGTACTGGACCATGAGTAAACAACACAGACCAATGCAACAAAGTCCAGACTAAGATGCACGTGTACATTTTTTGAAAATTTGTTTTTATCTTAAAGATAACATCTCCAATCAGTGGGAAAGGGTTATCAGTTTCTTTTAAAATTGCTGTAAATCATAAGTTGTTGGAGTAACAGTATA,AAGTTTTTAAGTTAATTTGAGGG,AAGTTTTTAAGTTAATTTGA,NBN F1,TCTAACTATGGTGTTTCAGGAG,5,NBN R1,GTGATTGTTGCTAGGTAATAC,3,Ordered,56,29,ACACTCTTTCCCTACACGACGCTCTTCCGATCT,TCGGCATTCCTGCTGAACCGCTCTTCCGATCT,ACACTCTTTCCCTACACGACGCTCTTCCGATCTTCTAACTATGGTGTTTCAGGAG,TCGGCATTCCTGCTGAACCGCTCTTCCGATCTGTGATTGTTGCTAGGTAATAC,ATATTGTGATTGTTGCTAGGTAATACATTAAGTTTTTAAGTTAATTTGAGAGAACATTGACTCCTTTCAGCATTGCTTTCCCTTTAGAAAAATGATGTAG,Antisense,"0: 1, 1: 0, 2: 4, 3: 52, 4: 509","quite repetitive especially AAA, also AT rich",mutation in middle check NGG,NBN RT P1 ,CCTCACTGAAGGCTATCAAAG,,,SYBR Green,57,,
,,,,,,,,,,,,,,,,,,,,,,,,,,,,,,,AAGTTAATTTGAGGGAACATTGA,AAGTTAATTTGAGGGAACAT,,,,,,,,,,,,,,,,,NGA gRNA,,,,,,,,,
13.5,16.2,1,16.2,8,,,,,rs2073635,90995366,C,T,,,,,,,,,,,90994927,90995926,HOM,rs2073635,90995366,C,T,,,,,,,,,,,,,,,,,,,,,,,,,,,,,
14,19,1,19.1,12,chr12_22610292_G_C,,ENSG00000111731,4134,rs76639840,22610292,G,C,intron_variant,plt,C2CD5,12:22610292_G_C,pass,yes,yes,continue,yes,,22609793,22610792,Target,rs76639840,22610292,G,C,TATAAATAAATATTTGTAAGTTTTTGGCAAAAAATAACAATTTGAAACTTAGTTTTGTTACTAAATCTTCAGAGAAAATTTTTTAAAAAATGAAATAACTTCTATAAAATTACCTCCCGAAGAGAAGTAGTCTCTCGAATAAAAAACATGTTAATTATCCCAAGATACTTAGTTATTTTTGCTCCAGGAATAAAAGAAAGAGGTGTCATCTTAACAACCCCAACTGTGGAATTTGCACAAGGTGGAGCAGAACGATTCCGGAAATTTCCATCACCCACTGGACTTGCTTTTTCAACTGTCATGGCTAAAATTGGAGAAAAATGAGAAAACATTCAGAACAGACGCTGGTAACACAATTATTCCCTGAGGTTTCCAAATAAGTGGTGACAACATTCAGCTGTCTGTGAGGCTAAGCCATGTCATGAAAGAAAAGAAATTATCATGCACTGCATGCAATTAAAAAAGAGAGACAGAAAAACATGAGAGGAAATGCTGGAATGGAATTCTTTTGGAAGAAAAATGGCATTCCTGCAAAAGAAAATGTTGATGCAGTATAGCTACACACACAATGATTGGTTATAAAGTGAAGAAAAAGAAAAAGCGGCTGAGCATTAAAATTATCTGCTGTAGGAACAAATTATTACAAGGAGAGTGTGAAAGTTGTTCTATTTCCCAGTGCAATTTTTCCATCTTTTTCAGACGACTTCATCATTGTCAACTTGTAGATAAACCTTATGTTATCTAGTTGTAAGATACTGGTTTTTTCCAAACCTTTTTGAAAACCAACTCATAATTTTAAAAGCTTAACGACCTCTGCTAGCTAAAAGTTGGTTGTTTATAAAGTAAAAAAATAATAGCTACCACTTATTAAATAACTGCCATAAGCCAGACATATATATATATATCTAATCCTTACAACCACCCAAAAACACAGGTTATCATCATCATCCCCATTTCATGCATGAGGAAATGGAAGGTTAGAGAAGTTAAGTAACTTGCCC,CATGAGAGGAAATGCTGGAATGG,CATGAGAGGAAATGCTGGAA,C2CD5 F1,TGGTGACAACATTCAGCTGTC,1,C2CD5 R1 ,GAACAACTTTCACACTCTCCTTG,6,Ordered,,,ACACTCTTTCCCTACACGACGCTCTTCCGATCT,TCGGCATTCCTGCTGAACCGCTCTTCCGATCT,ACACTCTTTCCCTACACGACGCTCTTCCGATCTTGGTGACAACATTCAGCTGTC,TCGGCATTCCTGCTGAACCGCTCTTCCGATCTGAACAACTTTCACACTCTCCTTG,TGCAATTAAAAAAGAGAGACAGAAAAACATGAGAGGAAATGCTGGAATGCAATTCTTTTGGAAGAAAAATGGCATTCCTGCAAAAGAAAATGTTGATGCA,Antisense,,SNP change is in the PAM sequence of the guide,,C2CD5 RT p1, CAGAACAGACGCTGGTAACAC,,,SYBR Green,57,,
15,22,1,22.1,1,chr1_29217311_G_A,,ENSG00000159023,13348,rs115820925,29217311,G,A,intron_variant,mrv,EPB41,1:29217311_G_A,pass,yes,yes,continue,yes,,29216812,29217811,Target,rs115820925,29217311,G,A,AGTGCTGGGATTACAGGCGTGAGCCACCGTGCCTGGCTGATTCTGATATTTATTAAAGGGGGTGGGATTCCACTCCTTTATAGTCTGCAGGCTAGTCACTTTGCTCCCTGGGTTTCAGTTTCCCTTTCTGTGAAATGAGTAGGGGAGATAAGTCTAAAGTCTCTACGGGTCTTCCAGCGCCTATTACTATAGCCTCGGGACCTAGTTTGGGACTTAGTCTACCCCCTACTCTCACTCCACGTGAGGGGATAGGATGGAGCAAGATGAAGGCTGAGTATGACGGGCCCACAAGTCCTGTTCTTGGCCCGTGTTCTCTAATCATAATTACAGCCACTGCCTGTTAAGCACTTACTATGCACAGCATTCTGTTCTAAGCCTTTAATACGCTGCATTAACTCATTCAATCCTTACAATCTCATGAGGGAAATATTATCTTTGTTTTGCAGGAGTTTAGGGAGCTGAACAGACTTGACCAAAGTCACAAAGCTGGGAAGTGGCCGAGCTGGGATTTGAACTTAGGTTCAACTCCAAAGCCCAGACCTAACTAAGAGTGGGAGCCTCCACCCCACGGGTACTGAGGTGCCCACATTGCTCAGCCCTTACCTGTGGAACTGTTTGACCCCTGCTGGAGCAAAGCTCTGAGCTCTGGGATCTTGAGGCTGGGGAACTGGGGAACAAGCTGTGCTGCCTCTGTTGGGTGGCCCCTGGGGCCAGCATAGAGAGAAAGGGGCAGAGGGAGCAACCTCCAGGTCAGCCAGGGCCCACTAGGGGTTTCCCCAGAGGGGCAGCCCCACGCAGCTACTGCCCAGGTGCAAGACTGGGCACTGAAAGGCAACCTTGGGTATGTGGCCAACTTTGGACCTCAGTTGCCTCATCTGTAAAGCATGGACTTAAATGAGTGTAGACACTCCTTGACCCCTGGGTTAGTGGCTGAGGTCAGCAATAGGATAAAGGGTTAGAGGAGAGCTTGGAGTGACAGTGACTGAGTCTGTGAAGGAAGA,AAGCTGGGAAGTGGCCAAGCTGG,AAGCTGGGAAGTGGCCAAGC,EPB41 F1 ,CGCTGCATTAACTCATTCAATCC,51,EPB41 R1 ,TCAAACAGTTCCACAGGTAAG,2,Ordered,,,ACACTCTTTCCCTACACGACGCTCTTCCGATCT,TCGGCATTCCTGCTGAACCGCTCTTCCGATCT,ACACTCTTTCCCTACACGACGCTCTTCCGATCTCGCTGCATTAACTCATTCAATCC,TCGGCATTCCTGCTGAACCGCTCTTCCGATCTTCAAACAGTTCCACAGGTAAG,TTTAGGGAGCTGAACAGACTTGACCAAAGTCACAAAGCTGGGAAGTGGCCAAGCTGGGATTTGAACTTAGGTTCAACTCCAAAGCCCAGACCTAACTAAG,Sense,,,,EPB41 RT P1 ,AGCCTCAAGATCCCAGAGCT,,,SYBR Green,57,,
,,,,,,,,,,,,,,,,,,,,,,,,,,,,,,,CCTAAGTTCAAATCCCAGCTCGG,CCTAAGTTCAAATCCCAGCT,,,,,,,,,,,,,,,,,EBP41 gRNA 2 CCTAAGTTCAAATCCCAGCTTGG,,,,,,,,,
16,n/a,1,,17,EROS Control GenIE 1,,ENSG00000178927,,,80407100,,,,,EROS,,,,,,yes,,,,,,,,,ccttccttacacagGAAACGGGGTCTCTGGGGGATCCAGTGACGTGCCCAACCACAGAGACCAGgtgagactggctgatggtgtctggggctgcaggtgacttagttgggggacctgctcttggcctccagactgggcctgatggcgtgggcgcctgcctgtgtgcaggcccaagggctcagctgcctctgtctgttcccagACCCCTCCTCCTGTAGAGAGTGGTGCTGCCCTCTCGGGATGTACCTGCAGGTGGAGACCCGCACCAGCTCCCGCCTCCATCTGAAGAGGGCTCCAGGCATCCGGTCCTGGTCCCTGCTGGTTGgtaaggctctccacgtccctccccagaaccccagaaccggaagcctgactttcaaaaaggatgaaaatgaaacaaaatattttctcttttttctattaccttgaaatctaatggctattttgtttctttgtatccattcaaattctatctggtgtacttggttttacagataatg,TCTCGGGATGTACCTGCAGGTGG,TCTCGGGATGTACCTGCAGG,ERON Gen F2 ,GCTGCAGGTGACTTAGTTGGG,9,EROSN Gen R1 ,TGGAGAGCCTTACCAACCAGCA,2,Ordered,,,ACACTCTTTCCCTACACGACGCTCTTCCGATCT,TCGGCATTCCTGCTGAACCGCTCTTCCGATCT,ACACTCTTTCCCTACACGACGCTCTTCCGATCTGCTGCAGGTGACTTAGTTGGG,TCGGCATTCCTGCTGAACCGCTCTTCCGATCTTGGAGAGCCTTACCAACCAGCA,,,,CRISPR named EROS N cRNA 1,,,,,,SYBR Green,57,,
17,1/.27,2,1.1,14,chr14_51132622_T_C,14:50665904,ENSG00000151748,3212,rs550463489,51132622,T,C,intron_variant,mpv,SAV1,14:51132622_T_C,pass,yes,yes,continue,yes,,51132123,51133122,Target,rs550463489,51132622,T,C,TAGACTTCTGGCAAGATAAGAAGGTGCAGATAATCTGTTGCTTTCTCTTCTCATTATTTCATGAGGTGTTCTTTGAATTGGAGTTCTAAGGAAACTCTGGTTTCTTGAAACTACATCTCCAGAAGTTGAAAAGGCATTAGGGCTTGAATCTGGAAGACAGATATCAGTTCGTCTTGGAATTGTTGGACCATGCCGGATGAATGAAGGCATAAGATCTACAATAAAACAAAGGATAAAATTACCCTTTCATCATTAAGTAACAAAAGTTTTCGAAATTTGTTCATTTATGTCTACCACCCCAAAATCAAAATGTCAGTCAACTTAAGAAAACACAATTTTAAATTTTGGTTTAGGATGGTACTTGGGCATTTTAAATTGAGGAAGATTAATATTTTCCCAATCAAATGAATTTATATAACTTGCATTAATGGACTATGCGTAAAAGCTCAGCTAGAATAAAATGTATTCTGCATACTACCATACATAATATGATAAAATATCAATAATCTTATCTATGAACTACACATTAATGAAATGCTCATGAATTAATGTATAAAAATAGGAAATAATATAACAAATTGATAGTTTCTAGTTAAGTAGTTTATTTTGTTGTTCTCACTTCATTTTAGAAACTGCCAAAAATCCTTCTTGAAGCAAACACAATTTCAAAAATAGAACTTAATGCTACTCCCAAATATGTAAAAGTGGATTCCTTTAAAAATTAAAAAATTAGTAGCTCTTTCTTCTCTTGGAATTACCTAGCACTAGCACAGTAATCAAAAGCTAGAAAGCCAAAAATTTATGTATGAAAATTGAAAATAAAAAGCTCTCATTTCAAAGAAGCACACAAATGTAGAAGTGGCTCAAAAAACCAAGCCTGAAACTATGTAATTATAATTCAAAATAGTAGATAATAGAACAACAGCTTTTAGGATACAGTACTTTTAAACACGAAACTTGAAAACAGCTTAAGACATTCCCAGTTAGAAAGCAAATACCT,TAGTTCATAGATAAGATTATTGA,TAGTTCATAGATAAGATTAT,SAV1 F1,TTGGTTTAGGATGGTACTTGG,2,SAV1 R1,GGGAGTAGCATTAAGTTCT,2,Ordered,59,27,ACACTCTTTCCCTACACGACGCTCTTCCGATCT,TCGGCATTCCTGCTGAACCGCTCTTCCGATCT,ACACTCTTTCCCTACACGACGCTCTTCCGATCTTTGGTTTAGGATGGTACTTGG,TCGGCATTCCTGCTGAACCGCTCTTCCGATCTGGGAGTAGCATTAAGTTCT,CTAGAATAAAATGTATTCTGCATACTACCATACATAATATGATAAAATACCAATAATCTTATCTATGAACTACACATTAATGAAATGCTCATGAATTAAT,Sense,"0: 1, 1: 0, 2: 4, 3: 77, 4: 707","Low GC area, so low Tm for primers. Primer redesigned as Amplicon too big",NGA,SAV1 RT1 ,CCGGATGAATGAAGGCATAAG,SAV1 RT2, GTTCATTTATGTCTACCACCC,SYBR Green,57,,
17.5,1.2/ 27.5,2,1.2,14,,14:50665815,,,rs35637875,51132533,T,G,,,,,,,,,,,51132123,51133122,Het,rs35637875,51132533,T,G,,,,SAV1 F2,CTTGCATTAATGGACTATGCG,1,,,,,,,ACACTCTTTCCCTACACGACGCTCTTCCGATCT,TCGGCATTCCTGCTGAACCGCTCTTCCGATCT,ACACTCTTTCCCTACACGACGCTCTTCCGATCTCTTGCATTAATGGACTATGCG,TCGGCATTCCTGCTGAACCGCTCTTCCGATCT,,,,In GRChr38 this SNP is T/A/G,,,,,,SYBR Green,57,,
18,2,2,2.1,3,chr3_71355240_G_C,,ENSG00000114861,15147,rs35592432,71355240,G,C,intron_variant,lymph,FOXP1,3:71355240_G_C,pass,yes,yes,continue,yes,,71354741,71355740,Target,rs35592432,71355240,G,C,GGATAGTTACAAAACAGGATTTGTTAGGACAAAGAATAATAAAGCTGCTCTCTCTCTCTCTTTTCTTTTTAATTCCCCCTAGTCCTCACGAGCCTTTCTCTGCGAGTCCAAAATTCAGCCACATTTCCTAAGAGGCACCTGTACTTGTCTATTTCAATGCAGCCAGAAGCTGACAACGGCCCAGGAACCAGGACTGCTTTCAGGAGGCGCTCAGAAGGGCAGCAAAGTACCCTCTCAACATTAGTAAAATGAAACAAAAGTGTCAGCCTTGGCTTCGCACACACTTACCCGTTCATGGTGAGGAGGCAAAGCTTTGGGGCGGGAGAGGCAATTTTCACACAACGGAAGAAAGTTGAGAGTTTGTAAGGGAGAAACTACAGGCGCTTGGAAGCCTGCTGGCTCTCAGGGCTCCCAGGCTGGCGGCAGTGTGAGGAAGGACTGAAGGTATGTGGGCTAAACACAACAAAAGCCACTGCCTTACTCTAGATTAAATATGCAGGAAGAGGCCCCTTTGCATAAACACAAACACTCAGCAAATGAATAACTGGCTCAATCAGACGCCCGCTGTGCCTTCTACCTGTCCTCACTCTGACAGGAGACACTGCCTATTCCAGGGGACACCACTAAACAGGAGTCAGTTAAATGTTATGTTGCTATAATAACAATTAAAATGAATTGTATTCATTAGTAATTAAGAACTCACTCGTGGGGCGGGGGGGAGTGCTATTGTTGTATCTCCAGCTACTCCAAAAAGAACTTGTAGTATACCCATCCCTGGAGTTCTACTATGGGTTGCATTTCAATCTTTAACATTCAACGAATTTTAAACAATCGGTTTGTTTAGTCACAATTGTCAGATATACGTCTCGTTTCTCTGCTTTGTCACATTGTAAGTTGATACTTGTGACTCTGTACCTACAAAGATCTGTTTGATATATGCATATAAAGTGTACATATAAAAATATATACACACACATATATATATGTGCATATATACTCA,TAGATTAAATATGCAGGAAGAGG,TAGATTAAATATGCAGGAAG,FOXP1 F1,TTGGAAGCCTGCTGGCTCTC,5,FOXP1 R1,GGCAGTGTCTCCTGTCAGAGTG,3,Ordered,69,52,ACACTCTTTCCCTACACGACGCTCTTCCGATCT,TCGGCATTCCTGCTGAACCGCTCTTCCGATCT,ACACTCTTTCCCTACACGACGCTCTTCCGATCTTTGGAAGCCTGCTGGCTCTC,TCGGCATTCCTGCTGAACCGCTCTTCCGATCTGGCAGTGTCTCCTGTCAGAGTG,GGCTAAACACAACAAAAGCCACTGCCTTACTCTAGATTAAATATGCAGCAAGAGGCCCCTTTGCATAAACACAAACACTCAGCAAATGAATAACTGGCTC,Sense," 0:1, 1:0, 2:0, 3:11, 4:233",,,FOXP1 RT P1 ,CCGTTCATGGTGAGGAGGCA,,,SYBR Green,57,,
19,3,2,3.1,7,chr7_101499930_G_A,,ENSG00000257923,418,rs139141690,101499930,G,A,intron_variant,mpv,CUX1,7:101499930_G_A,pass,yes,yes,continue,yes,,101499431,101500430,Target,rs139141690,101499930,G,A,CCAGTCTGGGTGACAGAGTGAGACCCTGTCTCAAAAAAAAAAAAAAAAAAAAAAAAGGAAACAAGAAAGAAAAAAGCAGCTAAATTCTGCTGGAAGTGTGCAGTAAAGCACAAGTTTTCAGCCATCAACGCAGGGAGCCGTTAATCACGACCCATAATAACCAGAATGTTATTCCACGGTTGCGGTTTGTTTATTTCATCAGAGTTGCGTCTTCACCTATTTCCCTCCCTACTCTTAATTGTTTATCCAAGTTAGTGTTTTCCATTCTTTCACTGAAGGCTCTAAAAATGGTCCCATCAAGAAGTCTGGTAGATAATGGAAGACGAAGTGGACTTTACAGAAAGATGAATTTTCTTCCCTAGAGCTGGAAAACCCTTCAGCGTGTCATGCGTTCCCCAGCCAGGACAGACAAAGCCACGCAATCTGTTTCCTGCAGGCCCAGAGGGGAAGGCTTCCTCCTTGTGGTTAGTGACTTCAAAAGCTGTCCTCACTAGAGCAAGTCCAACTCTTCCTCTAGTTCTGATGACTTCACGGCAGCCAACTGAGCTGCTGAACGCTGTTTTTTTCTACGCAGAAACCCTCCCGACTTTCACGAGGAGTTGACAGGTTTTCCTCTTCACTCGGGCTCCCTTGTCATCGTTAAACTGAAACTGCTTTCTTGTAGCCAAATTCTGTGGTCCCTTTTCGGCCTCGGCCTCCTTGACCTCTCTGTGTCCCCACCTTGGCTCTCCCACGCCTGCCAGCCGTACCACAGGCCCCGGGTGTGAACCCTCCCTCCGCGGTCATGCAGCCACGCCTCTGCTCAAGCTGTGCCTCCTCCTGGGCGCACCCTCCCTCTCCCATCCTTCAGCCTCTGAAGTCCTGCCCAGCTCCGGTTCCTGTTTCTGTTAGGACGAGGCCCTTCAGATCCTCTCCAGCAGGTGGACTCTGTCCTGCCCCGTACCACCCGCCGCGGGCCACTTTTGGGCCTGCGCCATGTTCCTGCCCTTACCCCGCCCGG,ATCAGAACTAGAGGAAGAGTTGG,ATCAGAACTAGAGGAAGAGT,CUX1 F1,TCAGCGTGTCATGCGTTC,1,CUX1 R1,AACCTGTCAACTCCTCGTG,2,Ordered,63,52,ACACTCTTTCCCTACACGACGCTCTTCCGATCT,TCGGCATTCCTGCTGAACCGCTCTTCCGATCT,ACACTCTTTCCCTACACGACGCTCTTCCGATCTTCAGCGTGTCATGCGTTC,TCGGCATTCCTGCTGAACCGCTCTTCCGATCTAACCTGTCAACTCCTCGTG,GCTTCCTCCTTGTGGTTAGTGACTTCAAAAGCTGTCCTCACTAGAGCAAaTCCAACTCTTCCTCTAGTTCTGATGACTTCACGGCAGCCAACTGAGCTGC,Sense,"0: 1, 1: 0, 2: 0, 3: 22, 4: 276",,,CUX1 RT P1 ,ACACAGAGAGGTCAAGGAGGC,,,SYBR Green,57,,
20,5,2,5.1,12,chr12_111844956_C_T,,ENSG00000111252,1955,rs540639423,111844956,C,T,intron_variant,mono,SH2B3,12:111844956_C_T,pass,yes,no,continue,yes,,111844457,111845456,Target,rs540639423,111844956,C,T,GAAAGTAGTCAAACTGAGGCTGTGAGCACAGATGAGCCCTTGGGTGTGGGGGCAGCGGGGGAGGATGCGCCGGCCCCTCCCCACTCCCCATTCCGGGCCATGTGGCTAAGAGGGTAGCGCCCTGATTCAGGAAGCCCCTCTCCCCAGTTCCTGCACTGCCGAGGTCGACCGGGCCAGGCCCCCGCATGCTGCTGAATTGGGCGGTTCACCAGGGCTAGGCGTCCCAGAGACAGGTTTCTGGTATTGATCCTCTCACACCTCTTGCCTGGGGTTCCCTGGGAATCCCCCGACCAAAAAACGTCTGGAGTGGGTGTTGGTCTTCTAGATCCGCACGGTAGGGATGGTATTTCAGAGGTCTCTGATGCCTGGTGCAGAAATCCCCTTCCCTCCCTTCCCTCCCTCCGGCCAGGGGAGCTTTGTTTTGAGGGAGGGGGACTGCATTTGAGGAACTGGAGAGGAGGGTCTGCCTGCCTGTCCCGCTTCTTTTTTTCTTTAGTTTCCTCATTCTCCTGTTTCTCTTCCCCATTCCCAGCCACAATGATGTAGGTGAGGAGGTCACTGCCTGCAGCTGGGGGCCTCCAGGGAGGGGCACGGCCAGGCTGGGCTGAGTGGGAGGAAGTGAAATCTGGTGGGGGGTTCAGAGCAGAGGCCCCGGCAAGGCAATGTCGGCAAGGCCAGCTTTGGTGGCAGGAGGGACCGAGATCTGACCCGCAGCCCCTCGCCGGGGAGATGACAGTTCCCTAACACCGGCTAGCAGCCAGGCCTCAGGGCCCCTGCCAGGGCAGTGGGCCTGTGGGTCTCCAGGGATGCAGGCGCAGGTTGTGTCTGGGTTTCCCATCACTGACCTGGCTGCCTGAGTGGAAACAGCTCTGGAGGCTCCTCGGGACCTGCCCTCGTGGAGGGAGAGCCGTCAGAGGCCACCTGGGCAGGCTGGGCTCGGAGGATGAGAGCCAGGGCCTACTGGGGGAAGTTGGAAGGGTTTTTAGTGCACTTTTCCTGA,GGAAGAGAAACAGGAGAATGAGG,GGAAGAGAAACAGGAGAATG,SH2B3 F1,GACTGCATTTGAGGAACTGGAG,9,SH2B3 R1,ATTTCACTTCCTCCCACTCAGC,11,Ordered,65,56,ACACTCTTTCCCTACACGACGCTCTTCCGATCT,TCGGCATTCCTGCTGAACCGCTCTTCCGATCT,ACACTCTTTCCCTACACGACGCTCTTCCGATCTGACTGCATTTGAGGAACTGGAG,TCGGCATTCCTGCTGAACCGCTCTTCCGATCTATTTCACTTCCTCCCACTCAGC,TGGAGAGGAGGGTCTGCCTGCCTGTCCCGCTTCTTTTTTTCTTTAGTTTTCTCATTCTCCTGTTTCTCTTCCCCATTCCCAGCCACAATGATGTAGGTGA,Sense,"0: 1, 1: 3, 2: 13, 3: 256, 4: 1875",More off targets than most but none link for F and R other than target,,SH2B3 RT P1 ,AAAGCTGGCCTTGCCGACAT,,,Q5,57,,HDR 15% HDR decrease p=0.03
21,12,2,12.1,9,chr9_114663385_T_C,9:111901105,ENSG00000148154,6852,rs148125759,114663385,T,C,intron_variant,rdw_cv,UGCG,9:114663385_T_C,pass,yes,no,continue,yes,,114662886,114663885,Target,rs148125759,114663385,T,C,CTTCAGCTTCCTAAGTAGCTCCCAAGTAGCTGGGACTACAGGCATGCCTGGCTAATTTTTGTGCTTTTTGTAGAGACAGGGTTCTGCCATGTTTCCCAGGCTGGTCTTGAACTCCTGGACTTAAGTGATCTACCTGTCTTGGCTCCCAAAGTGCTGGGATTACAGGTGTGAGCCATCATGCCTGGCCCCCTGGAGATTTTTTAAGTTTTTTTTAAAGTTAATTCTGCTTTCTACAAACGTATTTCCTTTATTTTGTTTATTGTTATTTTTTTGAGACAGTCCTCTCTGTTGCCCAGGCTGGAATGCAGTGGCTCGATCACGGCTTCACATCCCAGGCTCGAGCAATTCTCCCACCTCAGCCTCCCAAGTAGCTGGGACTACCGGTGCATGCCATCACGCCCAGCTAATTTTTGTCACCCAGGCTGGTCTCAAACTCCTGGGCTCAAGTGATCCCCCCACCTTGGCCTCCTGAAGTTCTGGGATTACGGGCGTGAGCCACTGCGCCCAACCCAAATATGCTATCTCTAATGTACAGCAACTTCAATACCTGATGCACAGTTTTTGAATGGAATTTGCATACTCATTGTGTCAGGATAACTGCGATAAACTACCCGTCAAAAACTGGTTATGTTTTTCATGTAAATTTTAGCATTTGGGATATTATTTTTAGTTAGTACGATCTTTGCCTTAAATTCATGAATACTTGGTGTTCCAAGCCTTAGTGGAATGTAAATTGAGAACGTCTTTTTTGGGTTTAGTCCTGCCAATGCCCTTGGACTGTGGTCAAACGTTCATCAGTCAGGATCATTGCTACAGGGCTACTTTCAGGGAAATGAATAAGGCAGTCCAGCAATTCAGCCCCTTTAACCTGAGCCTGGGAAGATACGGAATTAGACTATAGTGTGATAGCTTTAAAGAACAAAGTGAGGGGCAGTGTGGGGAGGGAGAGCATCAAGAAGAATAGTTAATAGATACTGGGCTTAATACCTCGGTGATGGGA,CATATTTGGGTTGGGCGCAGTGG,CATATTTGGGTTGGGCGCAG,UGCG F1,TGGGACTACCGGTGCAT,35,UGCG R1,CGCAGTTATCCTGACACAATGAG,1,Ordered,64,50,ACACTCTTTCCCTACACGACGCTCTTCCGATCT,TCGGCATTCCTGCTGAACCGCTCTTCCGATCT,ACACTCTTTCCCTACACGACGCTCTTCCGATCTTGGGACTACCGGTGCAT,TCGGCATTCCTGCTGAACCGCTCTTCCGATCTCGCAGTTATCCTGACACAATGAG,TCCCCCCACCTTGGCCTCCTGAAGTTCTGGGATTACGGGCGTGAGCCACCGCGCCCAACCCAAATATGCTATCTCTAATGTACAGCAACTTCAATACCTG,Sense,"0: 1, 1: 2, 2: 25, 3: 242, 4: 1874",Decided to go ahead to terst as reverse is very speific,,UGCG RT P1 ,TCCAAGGGCATTGGCAGGAC,,,SYBR Green,57,,
22,13/ .10,2,13.1,19,chr19_10334725_A_G,19:10224049,ENSG00000130816,5291,rs117064827,10334725,A,G,intron_variant,hlr_p,DNMT1,19:10334725_A_G,pass,yes,yes,continue,yes,,10334226,10335225,Target,rs117064827,10334725,A,G,GCTGCCTGCCCTCACCCTGGCTCTTCACAGGTCCCCTGCCCTGGCCTCCCCAGGATCCAGTTCTAAAGGGGTCACACTAGCCACTGGACTGGCCCTCAGGACCGCACTGCAACACTGCTATGTGACTAGTCAGTGCCTTATCTGGCCTTTCCAGGTGTGAAATATTTGCAACATCACCCAGGTCTGTGGGGCGGGGGCATCTGGCTCAGTAGCCCCAAGTCTCTATCTGGGGTCACCCAGTGGCCTCTCCATGAACCCCTCTGCCCTGGCCTGGTTGTTGGTCCACCCCCACCCTCAGACCACCGTGTTGCCCTCCAGAAACGTGGGTGACGTGGGCATGTGCATGCCCCTCTCCAGGGAGCTGGAGCTGCGGAGTGGCAGGAGGTGGTGGCCCGGGGTCCCGCCCCGCCTCCGTCCTTGCACCCCCACCCCCGGCCTCCAGCACTGCAGCGGCCGAAGCACCTCCCGCCGCAGGTCCCGGCTGCGCCACGTGTAGATGACGGGGTTGAGCAGGGAATTCAGGGTGGAGACGGCGAAAAAGTAGTGGGCTTTGTAGAGGATCGGGCAGGAGTGGACGGGACAGGCATAGTCCAGAAGGAGGATGCTGAAGGCGGGCAGCCAGCAGACGATAAAGACGCCTAGCACGATGGTGACCGTCTTGAGCAGGGCTAGCGTCTGCGGGGCGGCCATGTCAGCGTGGCTTGAGCGGACCACGCAGTAGATGCGCACGTACAGGGCCACGATGGCCAACAGGATGATGGAGAAGATGGTCACCACGCACAGCACATAATGCTTGGCGTAGAGAGGCAGGACAGTGGAGCAGGCCTCGAGGTGGCCCAGGCAGTTCCAGCCAAGGATGGGCAGGCCACCGAGGACCAGCGAGATGAGCCACGAGGCCCCGATGAGCAGAAGCATGCGGCAGCTCTTGTCGCTGCCATACAGCTTGACCTTGGCAATGGCCACGTGGCGCTCAATGGCGATGGCCAGGAGGCTGAAGACA,TGCGCCACGTGTAGATGACGGGG,TGCGCCACGTGTAGATGACG,DNMT1 F1,TGGAGCTGCGGAGTGGCA,2,DNMT1 R1,CACTCCTGCCCGATCCTCTAC,2,Ordered,66,69,ACACTCTTTCCCTACACGACGCTCTTCCGATCT,TCGGCATTCCTGCTGAACCGCTCTTCCGATCT,ACACTCTTTCCCTACACGACGCTCTTCCGATCTTGGAGCTGCGGAGTGGCA,TCGGCATTCCTGCTGAACCGCTCTTCCGATCTCACTCCTGCCCGATCCTCTAC,CGCCGTCTCCACCCTGAATTCCCTGCTCAACCCCGCCATCTACACGTGGCGCAGCCGGGACCTGCGGCGGGAGGTGCTTCGGCCGCTGCAGTGCTGGAGG,Antisense,"0: 1, 1: 0, 2: 0, 3: 2, 4: 22",High GC repetitive region,,DNMT RT P1 ,CATCTGGCTCAGTAGCC,,,SYBR Green,57,,
22.5,13.2/ 10.5,2,13.2,19,,,,,rs2116942,10334663,T,G,,,,,,,,,,,10334226,10335225,HOM,rs2116942,10334663,T,G,,,,,,,,,,,,,,,,,,,,,,,,,,,,,
23,19,2,19.1,12,chr12_22610292_G_C,,ENSG00000111731,4134,rs76639840,22610292,G,C,intron_variant,plt,C2CD5,12:22610292_G_C,pass,yes,yes,continue,yes,,22609793,22610792,Target,rs76639840,22610292,G,C,TATAAATAAATATTTGTAAGTTTTTGGCAAAAAATAACAATTTGAAACTTAGTTTTGTTACTAAATCTTCAGAGAAAATTTTTTAAAAAATGAAATAACTTCTATAAAATTACCTCCCGAAGAGAAGTAGTCTCTCGAATAAAAAACATGTTAATTATCCCAAGATACTTAGTTATTTTTGCTCCAGGAATAAAAGAAAGAGGTGTCATCTTAACAACCCCAACTGTGGAATTTGCACAAGGTGGAGCAGAACGATTCCGGAAATTTCCATCACCCACTGGACTTGCTTTTTCAACTGTCATGGCTAAAATTGGAGAAAAATGAGAAAACATTCAGAACAGACGCTGGTAACACAATTATTCCCTGAGGTTTCCAAATAAGTGGTGACAACATTCAGCTGTCTGTGAGGCTAAGCCATGTCATGAAAGAAAAGAAATTATCATGCACTGCATGCAATTAAAAAAGAGAGACAGAAAAACATGAGAGGAAATGCTGGAATGGAATTCTTTTGGAAGAAAAATGGCATTCCTGCAAAAGAAAATGTTGATGCAGTATAGCTACACACACAATGATTGGTTATAAAGTGAAGAAAAAGAAAAAGCGGCTGAGCATTAAAATTATCTGCTGTAGGAACAAATTATTACAAGGAGAGTGTGAAAGTTGTTCTATTTCCCAGTGCAATTTTTCCATCTTTTTCAGACGACTTCATCATTGTCAACTTGTAGATAAACCTTATGTTATCTAGTTGTAAGATACTGGTTTTTTCCAAACCTTTTTGAAAACCAACTCATAATTTTAAAAGCTTAACGACCTCTGCTAGCTAAAAGTTGGTTGTTTATAAAGTAAAAAAATAATAGCTACCACTTATTAAATAACTGCCATAAGCCAGACATATATATATATATCTAATCCTTACAACCACCCAAAAACACAGGTTATCATCATCATCCCCATTTCATGCATGAGGAAATGGAAGGTTAGAGAAGTTAAGTAACTTGCCC,CATGAGAGGAAATGCTGGAATGG,CATGAGAGGAAATGCTGGAA,C2CD5 F1,TGGTGACAACATTCAGCTGTC,1,C2CD5 R1 ,GAACAACTTTCACACTCTCCTTG,6,Ordered,,,ACACTCTTTCCCTACACGACGCTCTTCCGATCT,TCGGCATTCCTGCTGAACCGCTCTTCCGATCT,ACACTCTTTCCCTACACGACGCTCTTCCGATCTTGGTGACAACATTCAGCTGTC,TCGGCATTCCTGCTGAACCGCTCTTCCGATCTGAACAACTTTCACACTCTCCTTG,TGCAATTAAAAAAGAGAGACAGAAAAACATGAGAGGAAATGCTGGAATGCAATTCTTTTGGAAGAAAAATGGCATTCCTGCAAAAGAAAATGTTGATGCA,Antisense,,SNP change is in the PAM sequence of the guide,,C2CD5 RT p1, CAGAACAGACGCTGGTAACAC,,,SYBR Green,57,,
24,22,2,22.1,1,chr1_29217311_G_A,,ENSG00000159023,13348,rs115820925,29217311,G,A,intron_variant,mrv,EPB41,1:29217311_G_A,pass,yes,yes,continue,yes,,29216812,29217811,Target,rs115820925,29217311,G,A,AGTGCTGGGATTACAGGCGTGAGCCACCGTGCCTGGCTGATTCTGATATTTATTAAAGGGGGTGGGATTCCACTCCTTTATAGTCTGCAGGCTAGTCACTTTGCTCCCTGGGTTTCAGTTTCCCTTTCTGTGAAATGAGTAGGGGAGATAAGTCTAAAGTCTCTACGGGTCTTCCAGCGCCTATTACTATAGCCTCGGGACCTAGTTTGGGACTTAGTCTACCCCCTACTCTCACTCCACGTGAGGGGATAGGATGGAGCAAGATGAAGGCTGAGTATGACGGGCCCACAAGTCCTGTTCTTGGCCCGTGTTCTCTAATCATAATTACAGCCACTGCCTGTTAAGCACTTACTATGCACAGCATTCTGTTCTAAGCCTTTAATACGCTGCATTAACTCATTCAATCCTTACAATCTCATGAGGGAAATATTATCTTTGTTTTGCAGGAGTTTAGGGAGCTGAACAGACTTGACCAAAGTCACAAAGCTGGGAAGTGGCCGAGCTGGGATTTGAACTTAGGTTCAACTCCAAAGCCCAGACCTAACTAAGAGTGGGAGCCTCCACCCCACGGGTACTGAGGTGCCCACATTGCTCAGCCCTTACCTGTGGAACTGTTTGACCCCTGCTGGAGCAAAGCTCTGAGCTCTGGGATCTTGAGGCTGGGGAACTGGGGAACAAGCTGTGCTGCCTCTGTTGGGTGGCCCCTGGGGCCAGCATAGAGAGAAAGGGGCAGAGGGAGCAACCTCCAGGTCAGCCAGGGCCCACTAGGGGTTTCCCCAGAGGGGCAGCCCCACGCAGCTACTGCCCAGGTGCAAGACTGGGCACTGAAAGGCAACCTTGGGTATGTGGCCAACTTTGGACCTCAGTTGCCTCATCTGTAAAGCATGGACTTAAATGAGTGTAGACACTCCTTGACCCCTGGGTTAGTGGCTGAGGTCAGCAATAGGATAAAGGGTTAGAGGAGAGCTTGGAGTGACAGTGACTGAGTCTGTGAAGGAAGA,AAGCTGGGAAGTGGCCAAGCTGG,AAGCTGGGAAGTGGCCAAGC,EPB41 F1 ,CGCTGCATTAACTCATTCAATCC,51,EPB41 R1 ,TCAAACAGTTCCACAGGTAAG,2,Ordered,,,ACACTCTTTCCCTACACGACGCTCTTCCGATCT,TCGGCATTCCTGCTGAACCGCTCTTCCGATCT,ACACTCTTTCCCTACACGACGCTCTTCCGATCTCGCTGCATTAACTCATTCAATCC,TCGGCATTCCTGCTGAACCGCTCTTCCGATCTTCAAACAGTTCCACAGGTAAG,TTTAGGGAGCTGAACAGACTTGACCAAAGTCACAAAGCTGGGAAGTGGCCAAGCTGGGATTTGAACTTAGGTTCAACTCCAAAGCCCAGACCTAACTAAG,Sense,,,,EPB41 RT P1 ,AGCCTCAAGATCCCAGAGCT,,,SYBR Green,57,,
25,27/24,2,27.1,1,chr1_10357806_G_C,Chromosome 1:10297748,ENSG00000054523,8716,rs112682076,10357806,G,C,intron_variant,wbc,KIF1B,1:10357806_G_C,pass,yes,no,continue,yes,,10357307,10358306,Target,rs112682076,10357806,G,C,TTTTTAAGGAAATAGAGCTTTTCTGGTAGCCTTTGCCTCTTGATAGTGGTTTTGGAATTTGCTTCAGTGGTGGTTCTTTAAATGATAATTACTCTGAATATTGAATTTGGTGAGAGTTTGCCTTGGTTTTGTTTCTGATCACTTGATAGTACTAATTCTCTGCTCTTGGGCTGACTTTGGGATTGTTCTTACGCTGGGCAGACTTTTTTTTTTTAAGTTAAACTGTGTCTAAAAGTGTTGCTGCACAGTTGCATGTGTTACTCCTTTCCTTATCCCCTGCATGGAGTCTGAATTCTCAATCAGGTTCTCAGTGGCATGTGTGGTAGCGGTGGGAGCAAAGGCTGCATACCCAGCCCGGACAGGACAGAAGGCTTGCTTCCTTTGAGGGAAGGAGGATTTGA,TCCATGCAGGGGATAAGGAAAGG,TCCATGCAGGGGATAAGGAA,KIF1B F1,CTCTGCTCTTGGGCTGAC,,KIF1B R1,CAAAGGCTGCATACCCAG,,,63,47,ACACTCTTTCCCTACACGACGCTCTTCCGATCT,TCGGCATTCCTGCTGAACCGCTCTTCCGATCT,ACACTCTTTCCCTACACGACGCTCTTCCGATCTCTCTGCTCTTGGGCTGAC,TCGGCATTCCTGCTGAACCGCTCTTCCGATCTCAAAGGCTGCATACCCAG,AGTTAAACTGTGTCTAAAAGTGTTGCTGCACAGTTCCATGTGTTACTCCTTTCCTTATCCCCTGCATGGAGTCTGAATTCTCAATCAGGTTCTCAGTGGC,Sense," 0: 1, 1: 0, 2: 1, 3: 20, 4: 244", Nearest CRISPR for both NGG and NGA are 17bp away so NGG chosen. HDR oligo offset as long T row will likely be problematic in synthesis. May affect PCR ,,KIF1B RT P1,AATATTGAATTTGGTGAGAG,,,Q5,58/60,,
,,,,,,,,,,,,,,,,,,,,,,,,,,,,,,,,,Primer 2,,,,,,,,,,,,,,,,,,,,,,SYBR Green,57,,
26,18/ 20,2,18.1,12,chr12_57498220_T_C,Chromosome 12:57104437,ENSG00000166888,5588,rs201011002,57498220,T,C,non_coding_transcript_exon_variant,eo,STAT6,12:57498220_T_C,pass,yes,no,continue,yes,,57497721,57498720,Target,rs201011002,57498220,T,C,ACTCACACATCATAATCAAAAAGCTCATGCCATGTTATTAAATGCGTTCTGAAGCTCAATCAGGGCCTCACCGTAGAGAAGTGGTTATTAGTCATCGCTATGGAACCAGACCTCCAGGTTTCAAATACCAGCTCCAACACTTAGCTGTGTGACTGGGACAAACTACTTAAACTCTCTGTCTCAATGTCCTTATCTATAAAATGAGGCTGATAATACTGCCTACCTCATAATGTTATTGTGAAAACCAGACGTGTGTGTGCTGGCACGCATGTGCGTATGTATCATTTAATAGAGTGCCCTGGTCTATAGGAAGTGCTTCCGAAGTGTTTGCTGCTATCCACTACCATTCCCTGCCCTGTGCACTCCATGCTCTTGCTCACCCCCACTCACCCGGGCCCCAGTGTGCATGAATCCCAGACACATGGGGTATGGGGCAGTCACAAGAGGTGAGGGTCCAGGGCCCTTGTGTGTGGCATTGGAGGAGGACTCGGGGTCCCAGATTGGGGCAGGGCTGGGCCACGGTTCACCTGGAGCTGGATGGGGAGTTTGCCGGGGCCAAGTGTGAAGCTGGCAGAGAAGAGCACAGCGCACTTCTCCTCTGTGACAGACTCAGTGCCCTTCCGCTCACACCGCTTGATCTTCTTGAGAAGCTGTGGGTGGGGTGAGGGAGAGCAAGGGCGAGGTCATGAGGACAGAGACCGCTCCTCCTGGGCTTCCTGACATCCTCTCCAAGGAGAGTCCCACAGTCTCCTAGTGGTGCCCCCCTCACTGCACCCCAAAGCCCCTCACCAGGTTCTTGAACAGGGCAGAGCAGCAGTTCCCAGGAATGCTGTTCTCCAAGGGCACAGTGTTGTTGATGATTTCTCCAGTGCTTTCTCTGCCAGGGGAGGTCAGAGTGTGAACGAGCTCATCTCACTGTCGTCAGGTGTGGCGAGTGCATGGGTGAGTGTAGACTACCCACTGTCACCAGCCCTAAATCTCCATGTCTCTGTTTGGGTTCT,AGGACTCGGGGTCCCAGATTGGG,AGGACTCGGGGTCCCAGATT,STAT6 F1,CACTCCATGCTCTTGCTCA,6,STAT6 R1,AAGATCAAGCGGTGTGAGC,1,,63,63,ACACTCTTTCCCTACACGACGCTCTTCCGATCT,TCGGCATTCCTGCTGAACCGCTCTTCCGATCT,ACACTCTTTCCCTACACGACGCTCTTCCGATCTCACTCCATGCTCTTGCTCA,TCGGCATTCCTGCTGAACCGCTCTTCCGATCTAAGATCAAGCGGTGTGAGC,GGCAAACTCCCCATCCAGCTCCAGGTGAACCGTGGCCCAGCCCTGCCCCAGTCTGGGACCCCGAGTCCTCCTCCAATGCCACACACAAGGGCCCTGGACC,,"0: 1, 1: 0, 2: 0, 3: 1, 4: 95",,,STAT6 RT P1,CTGCTATCCACTACCATTC,,,SYBR Green,57,,
27,17/ 19,2,17.1,14,chr14_66137037_A_C,Chromosome 14:65670319,ENSG00000033170,9650,rs183228067,66137037,A,C,intron_variant,mch,FUT8,14:66137037_A_C,pass,yes,no,continue,yes,,66136538,66137537,Target,rs183228067,66137037,A,C,TAAAGTAGTCCAGTTTATATGGACTACTATATATGAGTAGCATGAGCATGCATGAGAATCATCTGGAAGGTTTCATAAAACTCCATTTTCTGTTAAGGAAGGTCTAGGCTGCAGCCTGAGAGTTTTAATATCTGACAAAAGTTTTAGGTTTAGGGACCGTGCTTTGAGAACCACTGAGGTGGACCTTGCTGGTAACTTTATCTTCAAATGAAGCCTAATTTGTTTATGTGATTTTAATTGTATTCAGGAAACATTTAATGAATAGTAATGTGACTAAGGTACTATACTAGGCATTATAAGCAGATAGAAACATCAGTAAGAAATTTCCTTTCTCTCCAAGGAAGTGGTGAAGGAGTAGAATATAGAAAAGAATTTCTTACCGCTAGTCTAGTGCTTTTCTTTCTACAATCATGATCTTTAAGATCTAAAGTTGGGCTACCTTGTTAAAATTGTGGCTTTATTGTTTTGTAATCTTGGACAAGTTACTTAACCTAGGTCTTAGTTTCCTTATCAGTAAAATGAAGAGTAATCACTTTATTGAATTGTTGGTAGATTAAATGAAATAATATATGTAATGCACTTAGTACTGATATATGAACTTATATCTAGTAATTTTTAGCTATTATGAATAGCCTTTATTCATTAAACAAATGTATAATGAGTGCCTACAGTGTGACAGATACTGAATTAAGTGATCAGGATAAATACTAAGCAAGACAGTACACATCCTCTGCACTCATATCTTGTGGGAAGTCCAACATTTTTCAAAAAACTGAGGCACTTCAGTTAATATCATTTATTGTGGGGCTAAGCACCTTTTTTCACGAGCTACAACACTAGATACGAAATAGGGAGCTATGTCATCAGCAAAGTAACTTTGGTTCCTTCATTTCTTTTGCCTCCTTTGAAAAAAAATCGGTAATATCTGACTCTTTGCAGAAGTGTCATGAAACTTAATTGAGTACTTTCTATAAAATACTTTGAGTTGCTCTGCAAGAGGTC,TGATAAGGAAACTAAGACCTAGG,TGATAAGGAAACTAAGACCT,FUT8 F1,CTTACCGCTAGTCTAGTGC,1,FUT8 R1,CAGTACTAAGTGCATTACAT,5,,55,31,ACACTCTTTCCCTACACGACGCTCTTCCGATCT,TCGGCATTCCTGCTGAACCGCTCTTCCGATCT,ACACTCTTTCCCTACACGACGCTCTTCCGATCTCTTACCGCTAGTCTAGTGC,TCGGCATTCCTGCTGAACCGCTCTTCCGATCTCAGTACTAAGTGCATTACAT,TACCAACAATTCAATAAAGTGATTACTCTTCATTTTACTGATAAGGAAACGAAGACCTAGGTTAAGTAACTTGTCCAAGATTACAAAACAATAAAGCCAC,,"0: 1, 1: 0, 2: 5, 3: 72, 4: 516",R1 is potentially self annealling also order FUT8 R2 CACTGTAGGCACTCATTATAC. low GC % region.,,FUT8 RT P1,CACTGTAGGCACTCATTATAC,,,Q5,58/60,,
27.5,,2,,,,,,,,,,,,,,,,,,,,,,,,,,,,,,,,,,FUT8 R2 ,CACTGTAGGCACTCATTATAC,4,,59,30,ACACTCTTTCCCTACACGACGCTCTTCCGATCT,TCGGCATTCCTGCTGAACCGCTCTTCCGATCT,ACACTCTTTCCCTACACGACGCTCTTCCGATCT,TCGGCATTCCTGCTGAACCGCTCTTCCGATCTCACTGTAGGCACTCATTATAC,,,,"Makes an amplicon at 292bp, low GC % region. Same as RT primer",,,,,,,,,
28,20/21,2,20.1,19,chr19_1855583_C_T,Chromosome 19:1855584 ,ENSG00000129911,3836,rs74401481,1855583,C,T,intron_variant,mscv,KLF16,19:1855583_C_T,pass,yes,no,continue,yes,,1855084,1856083,Target,rs74401481,1855583,C,T,TGGCCCCAGGCGGGACCCTGGCAGGGATTAGCAAAGGCCTCCCAGTGTCTGTCCCAGGCACAGGCACGCTCAGAAGGCATGCTCGGCCTTCAGGCTGTCCCTGCCCCCCACCCAGGGGCATGCAGGGGCCTCCATCTGTGCATGATCCCCTCCTTTTCCAAATGACCACCTGGGATGCAAAGGCTGGGTTAAGGGGGTACAATCATGGCAACCTCCCTAACCCTCCTGGCCCCTCCACGAGCAAGGGGGCATGGGAGGAACCCGCAGGCACAGTCAGTCTGGGCCCCGATCTCGGGGTGTGGTTAGATGGAAGACAGGCAGGAAAGCTCACAGGGAGGGGAGGGGGCGGGGTCTCCCGGGAAGGGGCGGGGCCCGGCGGGCTGGACTCGCCCCACCCCCACGGGACAGATGGCGCTGGGCAGGGGCGGGCCACCACCCGGCCACTTCCTCCACAGTCCCCTCCCACCGCCAAGGCCGGGCCTCGCCCATCCTGCCCCTAACCAGCCGTCACCATCTGGGCCTGCCTGTGCGCCTCCAGGCGGTGTGGGTCTTTGCTCTAGAACTGTGCCACCCGACCCCTTCCTTTAGCCGGGGTCTCACGCCCACAGCATGTGGCATCGTGATGTCAGCGTCTCCCCAGCAGATAGGGGTCTCCAACGACTGGGGAGGGGCAGGTCAGTCCACCTCCACCCAGGGACCGAAGCAGGACAAAGGGCCCTGCATCCCCGAAGCTCCCACCCTTTCGGGCCCTGCACCAGGTACCCTGGACCCTGGCATTCCGGGACGTTATTCCCGTGACACCCCAGGGTGGGTTGTGTGGATGGAGACCGGATGTGCATGCCCCTCGTGGCACTGGTTGGAGCCCTGAGTAGCAAAAGAGACGTCAGAACCAACTCCCCTGAGTGGCCCCAAAGCCTATTCTCAAGGAAGCCACAGCAGGGCCAGGAGGGTAGTCACCCGGTGGGTTACAAACTGGGCAGCCCACGCCCAGCACTGGAGGT,CCAGATGGTGACGGCTGGTTAGG,CCAGATGGTGACGGCTGGTT,KLF16 F1,ACGGGACAGATGGCGCT,2,KLF16 R1,GGAGACGCTGACATCACGAT,1,,,,ACACTCTTTCCCTACACGACGCTCTTCCGATCT,TCGGCATTCCTGCTGAACCGCTCTTCCGATCT,ACACTCTTTCCCTACACGACGCTCTTCCGATCTACGGGACAGATGGCGCT,TCGGCATTCCTGCTGAACCGCTCTTCCGATCTGGAGACGCTGACATCACGAT,ACAGTCCCCTCCCACCGCCAAGGCCGGGCCTCGCCCATCCTGCCCCTAATCAGCCGTCACCATCTGGGCCTGCCTGTGCGCCTCCAGGCGGTGTGGGTCT,Sense,"0: 1, 1: 0, 2: 0, 3: 7, 4: 69",,,KLF16 RT P1,GGTTAGATGGAAGACAGGCA,,,SYBR Green,57,,Was previously  q5 58/60/64/66
29,24/ 17,2,24.1,17,chr17_72758167_G_A,Chromosome 17:74762028 ,ENSG00000109062,13863,rs41282065,72758167,G,A,missense_variant,wbc,SLC9A3R1,17:72758167_G_A,pass,yes,yes,continue,yes,,72757668,72758667,Target,rs41282065,72758167,G,A,TCCTCCCCTGCTGCAGAGAACGGGGTACAAAGGGGCTGGGGGTCCTCAGTCATATGCCCCAGGTCCCCAGCCAGGCTGACGGGTGCCACACTCTGCCCCCTCTCCAGGAGGGCCAGACTGAGCCACCAATGGGGAGGGATAGAGGCCCGATCAACACAGCATGTGATTCACCTTAGACTGTCAGAAGGGACAGGCATGTGAGAGCTAACCTGGTCCTACCCCTCATTTGGCAGAAGAGGAAACTGAGGCTTGGACAGAGCAGTGTTTTATCCACATCACCTAAGCAGTTAGCTGCGGTGCTGGGTATCCACACAAGTCTTTTGAGTCCTGGGCCAGAACCCTCTCAAATTGCTGTGTAGGGATCTAGGCAAATTTGCATCCTCCCAAACCTTCCTTGGTTGGGGAGATGGGGACAGGCAGAGGACAGGGAAGGCAGAACCTGGGGCACTGTGGAATAGCCATGGACCCTCCCCTGTCCCTGCAGCGCGAGCTTCGGCCTCGGCTCTGTACCATGAAGAAGGGCCCCAGTGGCTATGGCTTCAACCTGCACAGCGACAAGTCCAAGCCAGGCCAGTTCATCCGGTCAGTGGACCCAGACTCCCCGGCTGAGGCTTCAGGGCTCCGGGCCCAGGATCGCATTGTGGAGGTGATGCTTCTCGCTCTCTTCCTATCTGACTGCCCCCACCCCCTGCAGATCAGCAGCACCTGGGGCAGCCATCATACCATCATGGGCTTGATTAGCCCACGGGCATAGCCAACCTGGAGCTGCTGGATGGATGGGTGGATGGGAGGGAGGGAGGGAAGGGTGGTGGATGGATAGACGGAAGGACAGATGGACTGACTGATGGACTCTTCTCTTACCTCCACTCCCCTGGACTCCTCCTTGCCAAGCAGATACAGTGGGCAGCCTGTGATTCACCCATCGATCAGGGAGATGTCTGGGGCCATCTCCAGAGCTTCCCTGCTGCCAGGCACACAGAGTGGGGTGGCAGTAACAAAAC,TTCTTCATGGTACAGAGCCGAGG,TTCTTCATGGTACAGAGCCG,SLC9A3R1 F1,TGCAGCGCGAGCTTCGG,1,SLC9A3R1 R1,CCAGGTGCTGCTGATCTGCA,5,,70,62,ACACTCTTTCCCTACACGACGCTCTTCCGATCT,TCGGCATTCCTGCTGAACCGCTCTTCCGATCT,ACACTCTTTCCCTACACGACGCTCTTCCGATCTTGCAGCGCGAGCTTCGG,TCGGCATTCCTGCTGAACCGCTCTTCCGATCTCCAGGTGCTGCTGATCTGCA,TGGAATAGCCATGGACCCTCCCCTGTCCCTGCAGCGCGAGCTTCGGCCTCAGCTCTGTACCATGAAGAAGGGCCCCAGTGGCTATGGCTTCAACCTGCAC,Sense,"0: 1, 1: 0, 2: 1, 3: 4, 4: 108}",Very close to start of 5'UTR. Primers high in GC,,SLC9A3R1 RT P1 ,AGCAGCTCCAGGTTGGCTATG,,,SYBR Green,57,,
30,n/a,2,,17,EROS Control GenIE 1,,ENSG00000178927,,,80407100,,,,,EROS,,,,,,yes,,,,,,,,,ccttccttacacagGAAACGGGGTCTCTGGGGGATCCAGTGACGTGCCCAACCACAGAGACCAGgtgagactggctgatggtgtctggggctgcaggtgacttagttgggggacctgctcttggcctccagactgggcctgatggcgtgggcgcctgcctgtgtgcaggcccaagggctcagctgcctctgtctgttcccagACCCCTCCTCCTGTAGAGAGTGGTGCTGCCCTCTCGGGATGTACCTGCAGGTGGAGACCCGCACCAGCTCCCGCCTCCATCTGAAGAGGGCTCCAGGCATCCGGTCCTGGTCCCTGCTGGTTGgtaaggctctccacgtccctccccagaaccccagaaccggaagcctgactttcaaaaaggatgaaaatgaaacaaaatattttctcttttttctattaccttgaaatctaatggctattttgtttctttgtatccattcaaattctatctggtgtacttggttttacagataatg,TCTCGGGATGTACCTGCAGGTGG,TCTCGGGATGTACCTGCAGG,ERON Gen F2 ,GCTGCAGGTGACTTAGTTGGG,9,EROSN Gen R1 ,TGGAGAGCCTTACCAACCAGCA,2,Ordered,,,ACACTCTTTCCCTACACGACGCTCTTCCGATCT,TCGGCATTCCTGCTGAACCGCTCTTCCGATCT,ACACTCTTTCCCTACACGACGCTCTTCCGATCTGCTGCAGGTGACTTAGTTGGG,TCGGCATTCCTGCTGAACCGCTCTTCCGATCTTGGAGAGCCTTACCAACCAGCA,,,,CRISPR named EROS N cRNA 1,,,,,,SYBR Green,57,,
,6,,6.1,4,chr4_74033564_G_C,,ENSG00000132466,7333,rs187918276,74033564,G,C,intron_variant,hct,ANKRD17,4:74033564_G_C,pass,yes,no,dropped,,,74033065,74034064,Target,rs187918276,74033564,G,C,AGCTACCATAAAGAAAATATAAAAAATAGAAATAATTACACAACTTAGAAAAATGAAGCAACTATTTGCATCGTATGAAAAGGTATCTTATCTCCAAAAATCAGCTTTTATGTAAAATCTACTTCCGTGTAACATCTTTGAATCTTCTTGTGCCTCTTGGGGCCACAGAAAACAAATCTATATGACAGTCTCTTAAGCATTTGAAGAACACTTTATTCAACCTGAGTCTTCTTGTCTTCAGGAGAAACATTCCCTGCTCCTCTGAGGTATATTTTTAAATAATTTCATAATCTGCATTTCTCTCTCATAAACTTCTAGAGCAATGTCAAATTGCCGGAAAATGCTAAATTAGGTCTCTACTCTTCTGTACAAATAGTTTTCTTTACTCCAAGACAGGACCGTGCACATGCCCTGATTATGTTTCCAAGTCTATTTGGTTAAGATCCTTTTAATAATCCATTCTAGAATTTTACCTTGGATGGAAATCAAGTTTAACCATGAATCCTTCAAATATTTAAATACCGGTTGGGCACAGTGGCTCAAGTCTGTAATCCCAGCACTTTGGGAGGCTGAGGTGGGTGGATCACGAGGTCAGGAGATCGACACCATCCTGGCTAACGCAGCGAAACCCCGTCTGTACTAAAAATACAAAAAATTAGCCAGGCATGGTGGCAGACGCCTGTAGTCCCAGCTACAGCAGGAGGCTGAAGCAGGAGAATGCCATGAACCCGGGAGGCGGAGCTTGCAGTGAGCCAAGATCCCACCACTGTACTCCAGCCTGGGGGAGAGTGAGACTCCGTCTCAAAAAAAAATTAAAAAAAAAAAATTTACTGTATTACAAGATGTTTACTGAAAGCATTATTGAACAGTATTAGGTCAGTTTTATGCTATAATAAAGTAGCAGTTTACATGCATTGCATGTATAATAGGTAGTGCACTGGGGTTCTTAAACCATGAACAATTAGTGTTCATAGTGTATTTATGTCTACTTTACAAAACC,TTAAATATTTGAAGGATTCATGG,TTAAATATTTGAAGGATTCA,ANKRD17 F1,CAAGACAGGACCGTGCACATG,1,ANKRD17 R1,ATCCTGGCTAACGCAGCGAA,3,Ordered,68,44,ACACTCTTTCCCTACACGACGCTCTTCCGATCT,TCGGCATTCCTGCTGAACCGCTCTTCCGATCT,ACACTCTTTCCCTACACGACGCTCTTCCGATCTCAAGACAGGACCGTGCACATG,TCGGCATTCCTGCTGAACCGCTCTTCCGATCTATCCTGGCTAACGCAGCGAA,TAATAATCCATTCTAGAATTTTACCTTGGATGGAAATCAAGTTTAACCATCAATCCTTCAAATATTTAAATACCGGTTGGGCACAGTGGCTCAAGTCTGT,Sense,"0: 1, 1: 0, 2: 3, 3: 52, 4: 576",Primers failed all temperatures tested,,ANKRD17 RT P1 ,TAGGTCTCTACTCTTCTGTACA,,,None,None,,
,10,,10.1,19,chr19_10815533_C_T,19:10704857,ENSG00000213339,8100,rs536415700,10815533,C,T,intron_variant,mcv,QTRT1,19:10815533_C_T,pass,no,,dropped,,,10815034,10816033,Target,rs536415700,10815533,C,T,ATCTCGGCTCACTGCAAGCTCCGCCTCCTGGGTTCATGCCATTCTCCTGCCTCAGCCTCCGGAGTAGCTGGGACTACAGGCACCCGCCATTACGCCCAGCTAATTTTTTTGTACTTTTACTAGAGACGGGGTTTCATCGTGTTAGCCAGGATGGTCTCGATCTCCTGACCTCGTGATTCGCCCATCTCGGCCTTCCAAAGTGCTGGGATTACAGGCGTGAGCCACCGCACCCGGCCTCTTTTTTTTTGAAACCGAGTTTCGCTCTTGTTGCCCAGGCTGGAGTGCAATGGCGCAATCTCGGCTCACAGCAACCTCTGCCTCCTGGGTTCAAGCGATTCTCCTGCCTCAGCCTCCCGAGTAGCTGGGATGACAGGCATGCGCCACCATGCCCGGCTAATTTTGTATTTTTGGTAGAGACGGGGTTTCTCCATGTTGGTCAGGCTGGTCTTGAACTCCCGACCTCAGGTGATCCGCCTGCCTCAGCCTCCCAAAGTGCTGGCATTACAGGTGTGAGCCACCATGCCCAGCTAAAGTTCTAGCTTTTTAATGAATGTCGTAATTTTTTTTTTTTTTTTTGATGTGGAATCTCGCTCTGTCACCTAGGCTGGAGTGCAGTGGCTCGATCTTGGCTCACTGCAACCTCTGCTGCCCGGGTTTAAGCTATTCTCCTGCCTCAGCCTCCCCAGCAGCTGGGACTACAGGTGCCTGCCACCACGCCTGGTAATTTTTGTACTTTTAGTAGAGACGGGGTTTCACCTTGTTGGTCAGGCTGGTCTTGAACTCCTGACTTCAGGTGGTCCACCTGCCTCAGCCTCCCAAAGGGCTGGGATTACAGGCGTGAGCCACCGCACCCAGCCCCATATTTATTTTTTCGTCTTTTCTTTTTTTTTTTCTTTTTTGAGAAGGAGTCTCACTCTTTGACCAAGGCTGGAGTGCAGTGGCACTGTGTTGGCTTACTGCAACCTCTGTCTTCTGGGTTCAAGCACTTCTCCTGCTGCAG,Does not look suitable for CRISPR design,,QTRT1,,,QTRT1,,,,,,,,,,,,,Over 100 hits for the 200bp around SNP on Blast,,,,,,,,,
,11,,11.1,19,chr19_906510_G_A,19:906510,ENSG00000198858,3643,rs111932385,906510,G,A,intron_variant,irf,R3HDM4,19:906510_G_A,pass,yes,no,dropped,,,906011,907010,Target,rs111932385,906510,G,A,AAGCTTCACCCTGAAACCCCCTTTTTTTTTTTGAGACAGAGTCTCACTCTGTCACCCAGGCTGGAGCGCAGTGGTGCGATCTCCGCTCACTGCAACCTCTGCCTCCCAGGTTCAAGTGATTCTCCTGCCTCAGCCTCCGGAGTAGCTGGGTATACAGGCGCCCGCCACCACGCCTGGCTAATTTTTTATTTATTTTTAGTAGAGATGGGATTTTTTTTTTTTTTTTTGAGACAGAGTCTCGCTCTGTCGCCCAGGCTGGAGTTCACTGGCTCGATCTCAGCTCACTGCAAGCTCTGCCTCCCGGGTTCACGCCATTCTCCTGCCTCAGCCTCCCGAGTAGCTGGGACTACAGGTGCCCGCCACCACGCCTGGCTAATTTTTTGTATTTTTAGTAGAGATGGGGTTTACCGTGTCAGCCAGAATGGTCTGGATCTCCTGACCTCGTGATCCGCTCACCTTGGCCTCCCAAAGTGCTGGGATTACGGGCATGAGCCACCGCGCCCGGCTCACCCTGCAACCTTTAACCTCAGCCCCCTCTCAAAAAGTGGGAACAAGTTGGTTTGGGAGGGGTACTCAGAGCCAAAAGGGCCTGGGATGAATTCCCCTCATCTCAGCTGCCACTTGCTTGTTTTCCTCCTATGATGGGGAACTCACCCCTCAGCCATGCCACACTGCTTTTGATCGTAAGTGTCGCTGGACTGAGTATTTTCCCCACATTGGGCTCATTTCCTGTCACCTGTGCTGTCCCCGGGGAGGCAAGTTCTATTACTTTGATGCCCATTATACAGATTTGGGGTTTTTTTGTTTTGTTTTGTTTTGTTTTGAGATGGAGTCTCACTCTGTTGCCCAGGCTGCAGTGCAGTTGTGCCATCTCTGCTCACTGCAACCTCCACCTCCCTGGCTCAACCGAGTCTCCTGCCTCAGCCTCCCGAGTAGCTGGGATTATAGGCGCCCACCACCACGCCTGGTTAATTTTTGTATTTTCAGTAGAGACGGGGTT,GTTGCAGGGTGAGCCGGGCGCGG,GTTGCAGGGTGAGCCGGGCG,R3HDM4 F1,GGTTTACCGTGTCAGCCAG,9,R3HDM4 R1,CAGCTGCCACTTGCTTGT,3,Ordered,65,57,ACACTCTTTCCCTACACGACGCTCTTCCGATCT,TCGGCATTCCTGCTGAACCGCTCTTCCGATCT,ACACTCTTTCCCTACACGACGCTCTTCCGATCTGGTTTACCGTGTCAGCCAG,TCGGCATTCCTGCTGAACCGCTCTTCCGATCTCAGCTGCCACTTGCTTGT,GCTCACCTTGGCCTCCCAAAGTGCTGGGATTACGGGCATGAGCCACCGCACCCGGCTCACCCTGCAACCTTTAACCTCAGCCCCCTCTCAAAAAGTGGGA,Sense,"0: 1, 1: 0, 2: 3, 3: 20, 4: 271","primers do hit same off target chromosome, region 10 000 bp apart though so should be ok",,R3HDM4 RT P1 ,GCTTGCAGTGAGCTGAGATC,,,,,,
,20/29,,29.1,1,chr1_92753336_T_C,Chromosome 1:92287779,ENSG00000174842,1196,rs141094656,92753336,T,C,intron_variant,MO-SSC-DW,GLMN,1:92753336_T_C,pass,no,yes,dropped,,,92752837,92753836,Target,rs141094656,92753336,T,C,,,,GLMN,,,GLMN,,,,,,ACACTCTTTCCCTACACGACGCTCTTCCGATCT,TCGGCATTCCTGCTGAACCGCTCTTCCGATCT,ACACTCTTTCCCTACACGACGCTCTTCCGATCT,TCGGCATTCCTGCTGAACCGCTCTTCCGATCT,,,,All NGG and NGA guides have 100-1000's of direct off target so undesignable,,,,,,,,,
,25/18,,25.1,16,chr16_149539_G_A,Chromosome 16:99541 ,ENSG00000103148,163,rs570013781,149539,G,A,intron_variant,mch,NPRL3,16:149539_G_A,pass,no,yes,dropped,,,149040,150039,Target,rs570013781,149539,G,A,,,,NPRL3,,,NPRL3,,,,,,ACACTCTTTCCCTACACGACGCTCTTCCGATCT,TCGGCATTCCTGCTGAACCGCTCTTCCGATCT,ACACTCTTTCCCTACACGACGCTCTTCCGATCT,TCGGCATTCCTGCTGAACCGCTCTTCCGATCT,,,,All NGG and NGA guides have 100-1000's of direct off target so undesignable,,,,,,,,,
31,26/ 18,3,26.1,16,chr16_155132_C_T,Chromosome 16:105134 ,ENSG00000103148,9310,rs187174553,155132,C,T,intron_variant,mch,NPRL3,16:155132_C_T,pass,yes,yes,continue,,yes,154633,155632,Target,rs187174553,155132,C,T,CTCCTGTCACAGACTGGGCTGGG,CTCCTGTCACAGACTGGGCTGGG,CTCCTGTCACAGACTGGGCT,NPRL3 F1,GAGCTTGCACTTCTATTTGC,2,NPRL3 R1,AGACAGAAATGTGCACAAGC,8,,60,51,ACACTCTTTCCCTACACGACGCTCTTCCGATCT,TCGGCATTCCTGCTGAACCGCTCTTCCGATCT,ACACTCTTTCCCTACACGACGCTCTTCCGATCTGAGCTTGCACTTCTATTTGC,TCGGCATTCCTGCTGAACCGCTCTTCCGATCTAGACAGAAATGTGCACAAGC,AGACTTATCCAGCCCCTCACACAGCTCTGGGCCAGCCAAGAGGGCCCAGTCCAGTCTGTGACAGGAGATAGGTGCCCCAGCCAAAGCCCTGCATCCTGAC,,"0: 1, 1: 0, 2: 3, 3: 19, 4: 238",Primers failed all temperatures tested,,NPRL3 RT P1,CAAGAGCCCTTAGCACAAGC,,,,,,Not 57 or 60 on SYBR
,,,,,,,,,,,,,,,,,,,,,,,,,,,,,,,,,NPRL3 F2 ,GTCTGAAAACACTCTGGAGGAA,,NPRL3 R2B,GATGAACGGCGAGAGTGTGT,,,,,ACACTCTTTCCCTACACGACGCTCTTCCGATCT,TCGGCATTCCTGCTGAACCGCTCTTCCGATCT,ACACTCTTTCCCTACACGACGCTCTTCCGATCTGTCTGAAAACACTCTGGAGGAA,TCGGCATTCCTGCTGAACCGCTCTTCCGATCTGATGAACGGCGAGAGTGTGT,,,,New primers,,,,,,,,,
32,21/22,3,21.1,16,chr16_277399_G_A,Chromosome 16:227400 ,ENSG00000007392,5453,rs188132769,277399,G,A,5_prime_UTR_variant,mrv,LUC7L,16:277399_G_A,pass,yes,no,continue,,yes,276900,277899,Target,rs188132769,277399,G,A,TTCTGCCTGTTGAAGAGTGGAGGATTGAGAAAGGAGCAGTGGCTCATGCCTGTAGTACCAGCTGCTCAAGAGGCTGAGGTGGTAGGATTGCTGGAGCCCAGGAGTTCAAGGCTGCAGTGAGCTGTGATCACACCACTGCACTTCAGCCTGGGCAACACAGAGTGACACTCCATCGCATGCATGCATGCAAACATACATACGAGTGGAGGAACACCTGCCATAATTAAGCCACTTAGAGAAAAAGAGACTTAAGTTAAAACAAAATTCAACATAGAAAAACCGTCACTGCCTATACAGCACTCATGTCAGAGTGTTCCATGAGGTCCCCCAAAATGCACCTACCGTCCCAGCCAGGATGTCATGGGGGCAGCAGTCCAGAAGGTGACTCTTGCAGACACGGTCATCTGTAAACTTGACCCTCTGTCTGGTTTCGTCTCCTGAAATTCATTTGTGGTTTTAAATAAGACAATATTATCACATTAACCACCAAAAAATAACTAGTATAACAATTCACCTGGATGATTTGCAGACTATCATTTCTGTGTTCTCCCCATCAAATGCAATGAAAAGCTGATCTAAAGATATTTACAACTGGAGTGGAATACACATTTTTTTGAGGCTAGTTATATCATGGAGAATCACACTTAATGAGATCTGACTCCATCACTGTACCAAAGAAGTCAAGGAGTCAGACGTAAACAGCTGAGCACCAAAAGGCCATTGGCTCCACATATACATGTGGCAATGAGACTGCAAAACCCAAGCTAATCAGAGGTCCATGAACCACCAAGGGTGACTTATAGAGCTGGTAATTTCCACCAACAAAAGCTACTTATTAATCTAATCTTTTTGTTATGAACAAATGCAGAGGCAGTATTTTGCCCAAAATTGAATGAAGAAGAAAGCTTTCAAACTCTATCGAAGACTGTTAAATAATCTAGATCTATTCTTCCTACGTCCCTTTCGTTCCCACCCTTAAAAAAGAGAGTTGCTACCTGGGA,TTGTTATACTAGTTATTTTTTGG,TTGTTATACTAGTTATTTTT,LUC7L F1,CAGAAGGTGACTCTTGCAGA,2,LUC7L R1,TGTGTATTCCACTCCAGTTGT,2,,,,ACACTCTTTCCCTACACGACGCTCTTCCGATCT,TCGGCATTCCTGCTGAACCGCTCTTCCGATCT,ACACTCTTTCCCTACACGACGCTCTTCCGATCTCAGAAGGTGACTCTTGCAGA,TCGGCATTCCTGCTGAACCGCTCTTCCGATCTTGTGTATTCCACTCCAGTTGT,GGAGAACACAGAAATGATAGTCTGCAAATCATCCAGGTGAATTGTTATATTAGTTATTTTTTGGTGGTTAATGTGATAATATTGTCTTATTTAAAACCAC,Antisense,"0: 1, 1: 0, 2: 4, 3: 51, 4: 568",Fwd primer sits in exon of some transcripts. All primer off targets are different for each primer.,,LUC7L RT P1, TCCCAGCCAGGATGTCATG,,,SYBR Green,57,,
33,,3,23.1,20,chr20_18031283_A_G,Chromosome 20:18050639,ENSG00000125850,6915,rs45473509,18031283,A,G,splice_donor_variant,mcv,OVOL2,20:18031283_A_G,pass,yes,no,continue,,yes,18030784,18031783,Target,rs45473509,18031283,A,G,TCAGCTCCTAGGTGGCCCAGTTCTGCTCTGTGGCTCTGAGTCATTCCTGGGAGCTCAGCTTGGTCCTTCTTTAGTCCATTTAATACCTTTCTCTGCTTAAACTAGCTATAGTGGATTCTGATGTTCGTAACTAAGCCTATGTAGTCCTTTCCAACAATAAAAACCTACTTCACCTATATTCAAGTTTAACACCAGGCAATTAATACACATTGTTCTCATATTCCTCCTTTTCCCCCTTTTAATTAATTTAACCTTCATCAAGAATCCATTCCAAGCATTTTTCCAGTATCCCTTTTCTTCCTGCTTTCTGTGTTTTCCTTCAAATGCTATCACTCATGTCTGGGAACTGTTGACTTCTTCCCCTGCCTAAATTCTTGTTCTGTGTTCACTTATGTCCTTCTATGACCCAGGCACTACTGCACTGGTTGCTGGGTAATACGAGCCCAGTAGGAAGTGTTCCCTGGCTCTGATGGATCTAGAGTGGAAAAGAGAAGTCAGTTG,TTGGAATGGATTCTTGATGAAGG,TTGGAATGGATTCTTGATGA,OVOL2 F1,CCTATGTAGTCCTTTCCAACAAT,,OVOL2 R1,CCAGACATGAGTGATAGCA,,,,,ACACTCTTTCCCTACACGACGCTCTTCCGATCT,TCGGCATTCCTGCTGAACCGCTCTTCCGATCT,ACACTCTTTCCCTACACGACGCTCTTCCGATCTCCTATGTAGTCCTTTCCAACAAT,TCGGCATTCCTGCTGAACCGCTCTTCCGATCTCCAGACATGAGTGATAGCA,TAATACACATTGTTCTCATATTCCTCCTTTTCCCCCTTTTAATTAATTTAGCCTTCATCAAGAATCCATTCCAAGCATTTTTCCAGTATCCCTTTTCTTC,Sense,"0: 1, 1: 0, 2: 0, 3: 19, 4: 223",,,OVOL2 RT P1, CTAGCTATAGTGGATTCTGA,,,SYBR Green,57,,
34,30/ 25,3,30.1,14,chr14_65209855_C_T,Chromosome 14:64743137,ENSG00000126822,11903,rs199994225,65209855,C,T,missense_variant,mscv,PLEKHG3,14:65209855_C_T,pass,yes,no,continue,,yes,65209356,65210355,Target,rs199994225,65209855,C,T,CTTGCCTGGAAAGTGAGTTGGGGCCTGCTCAGAGCACCCCCTTGCAGCTCTGCCCTCCCGCCCCATGCTTCAGGCAGCTTGCTCTCTCCTCATAGGTAAGAGGAAGCCGGTGCTGTCTCTATTTGACTATGAGCAGCTGATGGCCCAGGAGCACAGCCCTCCCAAGCCCTCCTCGGCTGGGGAGATGTCACCACAGCGTTTCTTCTTCAACCCGTCTGCTGTCAGCCAGAGGACCACCTCGCCTGGGGGCCGGCCCTCCGCCCGGAGCCCCCTCAGCCCCACAGAGACCTTCAGCTGGCCCGACGTCCGTGAGCTCTGCTCCAAGTATGCCTCCCGCGATGAGGCACGCCGAGCAGGGGGCGGCCGGCCCCGCGGCCCACCCGTCAACAGGAGCCACTCGGTGCCGGAGAACATGGTAGAGCCACCTCTGTCGGGCAGGGTGGGCCGCTGC,GGGGGCTCCGGGCGGAGGGCCGG,GGGGGCTCCGGGCGGAGGGC,PLEKHG3 F1,GAGATGTCACCACAGCGT,,PLEKHG3 R1, CGAGTGGCTCCTGTTGA,,,63,70%,ACACTCTTTCCCTACACGACGCTCTTCCGATCT,TCGGCATTCCTGCTGAACCGCTCTTCCGATCT,ACACTCTTTCCCTACACGACGCTCTTCCGATCTGAGATGTCACCACAGCGT,TCGGCATTCCTGCTGAACCGCTCTTCCGATCT CGAGTGGCTCCTGTTGA,CTTCTTCAACCCGTCTGCTGTCAGCCAGAGGACCACCTCGCCTGGGGGCTGGCCCTCCGCCCGGAGCCCCCTCAGCCCCACAGAGACCTTCAGCTGGCCC,,"{0: 1, 1: 1, 2: 4, 3: 73, 4: 846",Very high GC content! Runs of GC in the amplicon may be an issue.,,PLEKHG3 RT P1,AGGTGGCTCTACCATGTTCT,,,SYBR Green,57,,
35,28/ 26,3,28.1,1,chr1_3738762_G_C,Chromosome 1:3822198 ,ENSG00000116198,4853,rs116831330,3738762,G,C,intron_variant,ret,CEP104,1:3738762_G_C,pass,yes,no,continue,,yes,3738263,3739262,Target,rs116831330,3738762,G,C,AAGTCCCGATTCCGAAAGCTCCGACGGGAACATTTACAGATGCAACAACGTGCTGTCTGGGTTGGCTTCAACATTACAAGAGAGGGGAGCACGTGGGGGCACGGGAGAAACAAGACGGGCTGAGTTGCTAGTTGCGCAAGCTCAGTGACCGTGACAAGGGAGAGTCCTGAGGGTTTCTGTCACTTTTCTGTGTACTCTGTCATGCATTTCAAACTCGAGAGAGAGAGAGACGACAGACAGACAGAGGGACAGACAGACAGAGGGACACAGAGAGCCAGATAACTGGGTAGACACCAGCGCTGAGAGCGGCTGGGGGCTGTCTTCTCTGTTTGGTGTGAGTTTTCTGGGGTCAAGAGAAAGCTACAGTGGCTGGGTTGGAGCCATTTTGCTGGTACCATATCC,TCACTTTTCTGTGTACTCTGTGA,TCACTTTTCTGTGTACTCTG,CEP104 F1,TGCAACAACGTGCTGTCTG,,CEP104 R1,TCAGCGCTGGTGTCTACC,,,,,ACACTCTTTCCCTACACGACGCTCTTCCGATCT,TCGGCATTCCTGCTGAACCGCTCTTCCGATCT,ACACTCTTTCCCTACACGACGCTCTTCCGATCTTGCAACAACGTGCTGTCTG,TCGGCATTCCTGCTGAACCGCTCTTCCGATCTTCAGCGCTGGTGTCTACC,TGTCCCTCTGTCTGTCTGTCGTCTCTCTCTCTCTCGAGTTTGAAATGCATGACAGAGTACACAGAAAAGTGACAGAAACCCTCAGGACTCTCCCTTGTCAC,antisense,,NGA Grna CRISPR. Nearby T deletions x2 in Kolf.,NGA,CEP104 RT Primer ,GATTCCGAAAGCTCCGACGG,,,SYBR Green,57,,
,,,,,,,,,,,,,,,,,,,,,,,,,,,,,,,,,,,,CEP104 R2 ,CTACCCAGTTATCTGGCTCTC,,,,,,TCGGCATTCCTGCTGAACCGCTCTTCCGATCT,,TCGGCATTCCTGCTGAACCGCTCTTCCGATCTCTACCCAGTTATCTGGCTCTC,,,,R1 primer gives a too large amplicon,,,,,,,,,
36,28.2/26.5,3,28.2,1,,,,,rs1936378,3738640,A,C,,,,,pass,yes,,continue,,,3738263,3739262,HOM,rs1936378,3738640,A,C,,,,,,,,,,,,,,,,,,,,,,,,,,,,,
,,,,,,,,,,,,,,,,,,,,,,,,,,,,,,,,,,,,,,,,,,,,,,,,,,,CEP104 RT Primer GATTCCGAAAGCTCCGACGG,,,,,,,
,,,,,,,,,,,,,,,,,,,,,,,,,,,,,,,,,,,,,,,,,,,,,,,,,,,CEP104 R2 CTACCCAGTTATCTGGCTCTC,,,,,,,
,,,,,,,,,,,,,,,,,,,,,,,,,,,,,,,,,,,,,,,,,,,,,,,,,,,,,,,,,,
,,,,,,,,,,,,,,,NPRL3,CTCCTGTCACAGACTGGGCT,,,,,,,,,,,,,,,,,,,,,,,,,,,,,,,,,,,,,,,,,,
,,,,,,,,,,,,,,,LUC7L,TTGTTATACTAGTTATTTTT,,,,,,,,,,,,,,,,,,,,,,,,,,,,,,,,,,,,,,,,,,
,,,,,,,,,,,,,,,OVOL2,TTGGAATGGATTCTTGATGA,,,,,,,,,,,,,,,,,,,,,,,,,,,,,,,,,,,,,,,,,,
,,,,,,,,,,,,,,,PLEKHG3,GGGGGCTCCGGGCGGAGGGC,,,,,,,,,,,,,,,,,,,,,,,,,,,,,,,,,,,,,,,,,,
,,,,,,,,,,,,,,,CEP104,TCACTTTTCTGTGTACTCTG,,,,,,,,,,,,,,,,,,,,,,,,,,,,,,,,,,,,,,,,,,
,,,,,,,,,,,,,,,,,,,,,,,,,,,,,,,,,,SAV1 F2 +t,ACACTCTTTCCCTACACGACGCTCTTCCGATCTTTGGTTTAGGATGGTACTTGG,,,,,,,,,,,,,,,,,,,,,,,
,,,,,,,,,,,,,,,,,,,,,,,,,,,,,,,,,,,,,,,,,,,,,,,,,,,,,,,,,,
,,,,,,,,,,,,,,,,,,,,,,,,,,,,,,,,,,,,,,,,,,,,,,,,,,,,,,,,,,
,,,,,,,,,,,,,,,,,,,,,,,,,,,,,,,,,,,,,,,,,,,,,,,,,,,,,,,,,,
,,,,,,,,,,,,,,,,,,,,,,,,,,,,,,,,,,,,,,,,,,,,,,,,,,,,,,,,,,
,,,,,,,,,,,,,,,,,,,,,,,,,,,,,,,,,,,,,,,,,,,,,,,,,,,,,,,,,,
