GenERA round,Haplotype,chr,VAR,Location in GrCH8,ensembl_gene_id,id,RSid,pos,ref,alt,CSQ,Trait,HGNC,Unique Variant ID,Region pos start,Region pos end,Tag,Rs ID,position,ref2,alt3,Sequence,CRISPR sequence,Protospacer,F Primer name,Fwd primer,Blast hits F,R primer name,Rev Primer,Blast hits R,Status,Q5 Tm Adj,Region % GC,Fwd tail,Rev tail,Fwd Tailed Primer,Rev tailed primer,Oligo for insertion,Oligo strand,CRISPR off targets,Notes,Checks needed,RT Primer name,RT Primer sequence,RT Primer 2 name,RT Primer 2 sequence
1,1.1,14,chr14_51132622_T_C,14:50665904,ENSG00000151748,3212,rs550463489,51132622,T,C,intron_variant,mpv,SAV1,14:51132622_T_C,51132123,51133122,Target,rs550463489,51132622,T,C,TAGACTTCTGGCAAGATAAGAAGGTGCAGATAATCTGTTGCTTTCTCTTCTCATTATTTCATGAGGTGTTCTTTGAATTGGAGTTCTAAGGAAACTCTGGTTTCTTGAAACTACATCTCCAGAAGTTGAAAAGGCATTAGGGCTTGAATCTGGAAGACAGATATCAGTTCGTCTTGGAATTGTTGGACCATGCCGGATGAATGAAGGCATAAGATCTACAATAAAACAAAGGATAAAATTACCCTTTCATCATTAAGTAACAAAAGTTTTCGAAATTTGTTCATTTATGTCTACCACCCCAAAATCAAAATGTCAGTCAACTTAAGAAAACACAATTTTAAATTTTGGTTTAGGATGGTACTTGGGCATTTTAAATTGAGGAAGATTAATATTTTCCCAATCAAATGAATTTATATAACTTGCATTAATGGACTATGCGTAAAAGCTCAGCTAGAATAAAATGTATTCTGCATACTACCATACATAATATGATAAAATATCAATAATCTTATCTATGAACTACACATTAATGAAATGCTCATGAATTAATGTATAAAAATAGGAAATAATATAACAAATTGATAGTTTCTAGTTAAGTAGTTTATTTTGTTGTTCTCACTTCATTTTAGAAACTGCCAAAAATCCTTCTTGAAGCAAACACAATTTCAAAAATAGAACTTAATGCTACTCCCAAATATGTAAAAGTGGATTCCTTTAAAAATTAAAAAATTAGTAGCTCTTTCTTCTCTTGGAATTACCTAGCACTAGCACAGTAATCAAAAGCTAGAAAGCCAAAAATTTATGTATGAAAATTGAAAATAAAAAGCTCTCATTTCAAAGAAGCACACAAATGTAGAAGTGGCTCAAAAAACCAAGCCTGAAACTATGTAATTATAATTCAAAATAGTAGATAATAGAACAACAGCTTTTAGGATACAGTACTTTTAAACACGAAACTTGAAAACAGCTTAAGACATTCCCAGTTAGAAAGCAAATACCT,TAGTTCATAGATAAGATTATTGA,TAGTTCATAGATAAGATTAT,SAV1 F1,CTTGCATTAATGGACTATGCG,2,SAV1 R1,GGGAGTAGCATTAAGTTCT,2,Ordered,59,27,ACACTCTTTCCCTACACGACGCTCTTCCGATCT,TCGGCATTCCTGCTGAACCGCTCTTCCGATCT,ACACTCTTTCCCTACACGACGCTCTTCCGATCTTTGGTTTAGGATGGTACTTGG,TCGGCATTCCTGCTGAACCGCTCTTCCGATCTGGGAGTAGCATTAAGTTCT,CTAGAATAAAATGTATTCTGCATACTACCATACATAATATGATAAAATACCAATAATCTTATCTATGAACTACACATTAATGAAATGCTCATGAATTAAT,Sense,"0: 1, 1: 0, 2: 4, 3: 77, 4: 707","Low GC area, so low Tm for primers. Also need to find NGA cripsr",NGA,SAV1 RT1 ,CCGGATGAATGAAGGCATAAG,SAV1 RT2, GTTCATTTATGTCTACCACCC
,1.2,14,,14:50665815,,,rs35637875,51132533,T,G,,,,,51132123,51133122,Het,rs35637875,51132533,T,G,,,,,,,,,,,,,,,,,,,,In GRChr38 this SNP is T/A/G,,,,,
2,2.1,3,chr3_71355240_G_C,,ENSG00000114861,15147,rs35592432,71355240,G,C,intron_variant,lymph,FOXP1,3:71355240_G_C,71354741,71355740,Target,rs35592432,71355240,G,C,GGATAGTTACAAAACAGGATTTGTTAGGACAAAGAATAATAAAGCTGCTCTCTCTCTCTCTTTTCTTTTTAATTCCCCCTAGTCCTCACGAGCCTTTCTCTGCGAGTCCAAAATTCAGCCACATTTCCTAAGAGGCACCTGTACTTGTCTATTTCAATGCAGCCAGAAGCTGACAACGGCCCAGGAACCAGGACTGCTTTCAGGAGGCGCTCAGAAGGGCAGCAAAGTACCCTCTCAACATTAGTAAAATGAAACAAAAGTGTCAGCCTTGGCTTCGCACACACTTACCCGTTCATGGTGAGGAGGCAAAGCTTTGGGGCGGGAGAGGCAATTTTCACACAACGGAAGAAAGTTGAGAGTTTGTAAGGGAGAAACTACAGGCGCTTGGAAGCCTGCTGGCTCTCAGGGCTCCCAGGCTGGCGGCAGTGTGAGGAAGGACTGAAGGTATGTGGGCTAAACACAACAAAAGCCACTGCCTTACTCTAGATTAAATATGCAGGAAGAGGCCCCTTTGCATAAACACAAACACTCAGCAAATGAATAACTGGCTCAATCAGACGCCCGCTGTGCCTTCTACCTGTCCTCACTCTGACAGGAGACACTGCCTATTCCAGGGGACACCACTAAACAGGAGTCAGTTAAATGTTATGTTGCTATAATAACAATTAAAATGAATTGTATTCATTAGTAATTAAGAACTCACTCGTGGGGCGGGGGGGAGTGCTATTGTTGTATCTCCAGCTACTCCAAAAAGAACTTGTAGTATACCCATCCCTGGAGTTCTACTATGGGTTGCATTTCAATCTTTAACATTCAACGAATTTTAAACAATCGGTTTGTTTAGTCACAATTGTCAGATATACGTCTCGTTTCTCTGCTTTGTCACATTGTAAGTTGATACTTGTGACTCTGTACCTACAAAGATCTGTTTGATATATGCATATAAAGTGTACATATAAAAATATATACACACACATATATATATGTGCATATATACTCA,TAGATTAAATATGCAGGAAGAGG,TAGATTAAATATGCAGGAAG,FOXP1 F1,TTGGAAGCCTGCTGGCTCTC,5,FOXP1 R1,GGCAGTGTCTCCTGTCAGAGTG,3,Ordered,69,52,ACACTCTTTCCCTACACGACGCTCTTCCGATCT,TCGGCATTCCTGCTGAACCGCTCTTCCGATCT,ACACTCTTTCCCTACACGACGCTCTTCCGATCTTTGGAAGCCTGCTGGCTCTC,TCGGCATTCCTGCTGAACCGCTCTTCCGATCTGGCAGTGTCTCCTGTCAGAGTG,GGCTAAACACAACAAAAGCCACTGCCTTACTCTAGATTAAATATGCAGCAAGAGGCCCCTTTGCATAAACACAAACACTCAGCAAATGAATAACTGGCTC,Sense," 0:1, 1:0, 2:0, 3:11, 4:233",,,FOXP1 RT P1 ,CCGTTCATGGTGAGGAGGCA,,
3,3.1,7,chr7_101499930_G_A,,ENSG00000257923,418,rs139141690,101499930,G,A,intron_variant,mpv,CUX1,7:101499930_G_A,101499431,101500430,Target,rs139141690,101499930,G,A,CCAGTCTGGGTGACAGAGTGAGACCCTGTCTCAAAAAAAAAAAAAAAAAAAAAAAAGGAAACAAGAAAGAAAAAAGCAGCTAAATTCTGCTGGAAGTGTGCAGTAAAGCACAAGTTTTCAGCCATCAACGCAGGGAGCCGTTAATCACGACCCATAATAACCAGAATGTTATTCCACGGTTGCGGTTTGTTTATTTCATCAGAGTTGCGTCTTCACCTATTTCCCTCCCTACTCTTAATTGTTTATCCAAGTTAGTGTTTTCCATTCTTTCACTGAAGGCTCTAAAAATGGTCCCATCAAGAAGTCTGGTAGATAATGGAAGACGAAGTGGACTTTACAGAAAGATGAATTTTCTTCCCTAGAGCTGGAAAACCCTTCAGCGTGTCATGCGTTCCCCAGCCAGGACAGACAAAGCCACGCAATCTGTTTCCTGCAGGCCCAGAGGGGAAGGCTTCCTCCTTGTGGTTAGTGACTTCAAAAGCTGTCCTCACTAGAGCAAGTCCAACTCTTCCTCTAGTTCTGATGACTTCACGGCAGCCAACTGAGCTGCTGAACGCTGTTTTTTTCTACGCAGAAACCCTCCCGACTTTCACGAGGAGTTGACAGGTTTTCCTCTTCACTCGGGCTCCCTTGTCATCGTTAAACTGAAACTGCTTTCTTGTAGCCAAATTCTGTGGTCCCTTTTCGGCCTCGGCCTCCTTGACCTCTCTGTGTCCCCACCTTGGCTCTCCCACGCCTGCCAGCCGTACCACAGGCCCCGGGTGTGAACCCTCCCTCCGCGGTCATGCAGCCACGCCTCTGCTCAAGCTGTGCCTCCTCCTGGGCGCACCCTCCCTCTCCCATCCTTCAGCCTCTGAAGTCCTGCCCAGCTCCGGTTCCTGTTTCTGTTAGGACGAGGCCCTTCAGATCCTCTCCAGCAGGTGGACTCTGTCCTGCCCCGTACCACCCGCCGCGGGCCACTTTTGGGCCTGCGCCATGTTCCTGCCCTTACCCCGCCCGG,ATCAGAACTAGAGGAAGAGTTGG,ATCAGAACTAGAGGAAGAGT,CUX1 F1,TCAGCGTGTCATGCGTTC,1,CUX1 R1,AACCTGTCAACTCCTCGTG,2,Ordered,63,52,ACACTCTTTCCCTACACGACGCTCTTCCGATCT,TCGGCATTCCTGCTGAACCGCTCTTCCGATCT,ACACTCTTTCCCTACACGACGCTCTTCCGATCTTCAGCGTGTCATGCGTTC,TCGGCATTCCTGCTGAACCGCTCTTCCGATCTAACCTGTCAACTCCTCGTG,GCTTCCTCCTTGTGGTTAGTGACTTCAAAAGCTGTCCTCACTAGAGCAAaTCCAACTCTTCCTCTAGTTCTGATGACTTCACGGCAGCCAACTGAGCTGC,Sense,"0: 1, 1: 0, 2: 0, 3: 22, 4: 276",,,CUX1 RT P1 ,ACACAGAGAGGTCAAGGAGGC,,
4,4.1,16,chr16_24761046_G_A,,ENSG00000090905,2742,rs181042823,24761046,G,A,intron_variant,mpv,TNRC6A,16:24761046_G_A,24760547,24761546,Target,rs181042823,24761046,G,A,GGTTTTTTTTGCCCAGTAGACTCCTTCCCTGAATGGGAAGGCTGATCTGTGTGAAGGGTGTTGATTGGCAAGCTTTACTTTACAGTGTGATGGAGGGAGTGGCAGCAGCCTCCAGTAAGATGGGCTTTGTTCTGGGACAACCAAACCCATTCAAGCACCTATCAGACTCCTGTGGAAGGTTTTGTTTCTTTAGAGAGTATTTCTTTGGCTTGAGGCTGCATTTAGAAGCAGCTACTATCTGTGGCTGTGTAGGCATCTGGATGGGAAGTGGGTGGGGTTGAGTAGCTATGGCTTTTCTATTCCTTAGGCAGTCTTTTTGCTTCATGCTCTCTTGCTCTGGTCTTCTGGAACCCTCTCTAGAGCTCCACCAGAAAGGATGGTGCCTAAAACATCTATTTCAGACTGCTCTTATGTTTATTCTTGGGTGGGGTGGCTTTTGCTTTTGCTTATTCATTTGCTTTGAATAGAATAAAAAAGTAATAACCCTTTTTCCTGAAAGGTAATAACCTGTTTCCTGAAACACATTTGCGCAGTCTGTCACTTTGAAATCCTGAACCAGAGGTTCTGTTGACAACTTTAACCATTTGAGATTTTTAAAATTTAAACAAACTAATATGAAGAATACATTATTAGACCAGGCGTGGTGGCTCACACCTGTAATCCCAACACTTTGGGAGGTCAAGGTGGGCAGATCACTTGAGGTCAGGAGTTTGAGACCAGCCTGGCCAACTTGGTGAAACCCCGTCTGTACTAAAAATACAAAAATTAGCCAGGCATGGTGGCAGGTACTTGTAAACCCGGCTACTCGGGAGGCTGAGGCAGGAGAATCACTTGAACTCGGGAGGTGGAGGCTGCAGTGAGCAGAGATCATGCCACTGCATTCCAGCCTGGGTGACAGAGCAAGACTCTGTCTCAGAACAAACAAGAGTACGTTATTGTTTCCCAAGAATTGATAGAATACCTTGGAATGTTGATAGAATATGAAATTGTTGTAATGCTG,GAAACAGGTTATTATCTTTCAGG,GAAACAGGTTATTATCTTTC,TNRC6A F1,TCTCTAGAGCTCCACCAG,1,TNRC6A R1,ACCACGCCTGGTCTAATAATGTA,4,Ordered,61,36,ACACTCTTTCCCTACACGACGCTCTTCCGATCT,TCGGCATTCCTGCTGAACCGCTCTTCCGATCT,ACACTCTTTCCCTACACGACGCTCTTCCGATCTTCTCTAGAGCTCCACCAG,TCGGCATTCCTGCTGAACCGCTCTTCCGATCTACCACGCCTGGTCTAATAATGTA,GATTTCAAAGTGACAGACTGCGCAAATGTGTTTCAGGAAACAGGTTATTATCTTTCAGGAAAAAGGGTTATTACTTTTTTATTCTATTCAAAGCAAATGA,Antisense,"0: 1, 1: 0, 2: 0, 3: 7, 4: 197",,,TNR6A RT P1, CAGGCTGGAATGCAGTGGCA,,
5,5.1,12,chr12_111844956_C_T,,ENSG00000111252,1955,rs540639423,111844956,C,T,intron_variant,mono,SH2B3,12:111844956_C_T,111844457,111845456,Target,rs540639423,111844956,C,T,GAAAGTAGTCAAACTGAGGCTGTGAGCACAGATGAGCCCTTGGGTGTGGGGGCAGCGGGGGAGGATGCGCCGGCCCCTCCCCACTCCCCATTCCGGGCCATGTGGCTAAGAGGGTAGCGCCCTGATTCAGGAAGCCCCTCTCCCCAGTTCCTGCACTGCCGAGGTCGACCGGGCCAGGCCCCCGCATGCTGCTGAATTGGGCGGTTCACCAGGGCTAGGCGTCCCAGAGACAGGTTTCTGGTATTGATCCTCTCACACCTCTTGCCTGGGGTTCCCTGGGAATCCCCCGACCAAAAAACGTCTGGAGTGGGTGTTGGTCTTCTAGATCCGCACGGTAGGGATGGTATTTCAGAGGTCTCTGATGCCTGGTGCAGAAATCCCCTTCCCTCCCTTCCCTCCCTCCGGCCAGGGGAGCTTTGTTTTGAGGGAGGGGGACTGCATTTGAGGAACTGGAGAGGAGGGTCTGCCTGCCTGTCCCGCTTCTTTTTTTCTTTAGTTTCCTCATTCTCCTGTTTCTCTTCCCCATTCCCAGCCACAATGATGTAGGTGAGGAGGTCACTGCCTGCAGCTGGGGGCCTCCAGGGAGGGGCACGGCCAGGCTGGGCTGAGTGGGAGGAAGTGAAATCTGGTGGGGGGTTCAGAGCAGAGGCCCCGGCAAGGCAATGTCGGCAAGGCCAGCTTTGGTGGCAGGAGGGACCGAGATCTGACCCGCAGCCCCTCGCCGGGGAGATGACAGTTCCCTAACACCGGCTAGCAGCCAGGCCTCAGGGCCCCTGCCAGGGCAGTGGGCCTGTGGGTCTCCAGGGATGCAGGCGCAGGTTGTGTCTGGGTTTCCCATCACTGACCTGGCTGCCTGAGTGGAAACAGCTCTGGAGGCTCCTCGGGACCTGCCCTCGTGGAGGGAGAGCCGTCAGAGGCCACCTGGGCAGGCTGGGCTCGGAGGATGAGAGCCAGGGCCTACTGGGGGAAGTTGGAAGGGTTTTTAGTGCACTTTTCCTGA,GGAAGAGAAACAGGAGAATGAGG,GGAAGAGAAACAGGAGAATG,SH2B3 F1,GACTGCATTTGAGGAACTGGAG,9,SH2B3 R1,ATTTCACTTCCTCCCACTCAGC,11,Ordered,65,56,ACACTCTTTCCCTACACGACGCTCTTCCGATCT,TCGGCATTCCTGCTGAACCGCTCTTCCGATCT,ACACTCTTTCCCTACACGACGCTCTTCCGATCTGACTGCATTTGAGGAACTGGAG,TCGGCATTCCTGCTGAACCGCTCTTCCGATCTATTTCACTTCCTCCCACTCAGC,TGGAGAGGAGGGTCTGCCTGCCTGTCCCGCTTCTTTTTTTCTTTAGTTTTCTCATTCTCCTGTTTCTCTTCCCCATTCCCAGCCACAATGATGTAGGTGA,Sense,"0: 1, 1: 3, 2: 13, 3: 256, 4: 1875",More off targets than most but none link for F and R other than target,,SH2B3 RT P1 ,AAAGCTGGCCTTGCCGACAT,,
6,7.1,12,chr12_112092462_G_A,,ENSG00000089234,12113,rs184354242,112092462,G,A,intron_variant,mscv,BRAP,12:112092462_G_A,112091963,112092962,Target,rs184354242,112092462,G,A,GGGAGGTGGTCCTCCCTGCACATACTCTAATCAAGGCCTATTCAGAACTAGCAAAGTCAAGTGACCTTGAGTGCCACTGGAAGGGCACATGCATTGATTAGAAGGCTCTTGTAAGAAGTTCATCAATAACTTTTAACTGCAGATCATTTTAAAACTGACTTTTTTTTTTTTTTTTGAGACAGAGTCTCGGTCTGTTGCTCAGGCTGGAGTGCAGTGGTGCAATCTTGGTTCACTGCAACCTCTGCCTCCTGGGCTCCAGCAATTCTCCTGCCTCAGCCTCCTGAGTAGCTGGGATTACAGGCGCCTGCCACCACGCCCGACCAGTTTCTGCATTTTCAGTAGAGATTGGGTTTCGCCATGTTGGCCAGGCTGGCCTCAAACTCCTGACCTCAAGTGATCTGCCTGCCTCGGCCTCCCAAAGTGCTGGGATTACAGGTGTGAGCCACTACACCTGGCCTAAAGCTGATGTTAAGCATTAATTTTTACAGACCTTGATTTTGCCCACTTACGGCATATCCAGAAACTGGGGCCCATGGCCCTGCCTGCTAAGCTCCAGGATATTCCTAGCCACCTCAGAGGTGGGCCCCAAGCCCAGCTCTGTACTGCCTATCTGAAGGCCCAAGGATAGGTGGGGACTCACAAGGTTACTAAAGTAATCATTGAGAAATTTTACAAGATTTTATTTCATACTAAGGGAATCACTGAATTACAAACACTGTCCCTAGGTCCAAAGAAAGGTTCCTAGAGCCATAATTATACACAATTATACACAGATGCTTACTAGTTTTCAGACTACCTTCTTTGGAAGTCACAGGGTTCCTTGCACATACTGGAGACAGAGCTCTGGGCCTTCCATCTGAGTTTCCACCAAAATCATACCACTTTTTAATTTTGCTAAAGTAGTGAATGGCATCTTTTTTAAAGGACTATTTTGTTAAAATTTGAAAACTGCTGCCCTAGACCTTCAGGGTGAATAATGAAGTGCCAGTATCTCTGCCCA,GCCGTAAGTGGGCAAAATCAAGG,GCCGTAAGTGGGCAAAATCA,BRAP F1,GCCTAAAGCTGATGTTAAGCA,2,BRAP R1,CTTCAGATAGGCAGTACAGAGC,2,Ordered,61,51,ACACTCTTTCCCTACACGACGCTCTTCCGATCT,TCGGCATTCCTGCTGAACCGCTCTTCCGATCT,ACACTCTTTCCCTACACGACGCTCTTCCGATCTGCCTAAAGCTGATGTTAAGCA,TCGGCATTCCTGCTGAACCGCTCTTCCGATCTCTTCAGATAGGCAGTACAGAGC,CTTAGCAGGCAGGGCCATGGGCCCCAGTTTCTGGATATGCCGTAAGTGGGTAAAATCAAGGTCTGTAAAAATTAATGCTTAACATCAGCTTTAGGCCAGG,Antisense,"0: 1, 1: 0, 2: 1, 3: 1, 4: 60",,,BRAP RT P1 ,CTCCTGGGCTCCAGCAATTCT,,
7,8.1,17,chr17_7106378_G_A,,ENSG00000132535,11491,rs200489612,7106378,G,A,intron_variant,hct,DLG4,17:7106378_G_A,7105879,7106878,Target,rs200489612,7106378,G,A,TGACCATTCGAACTGGCCTTATAAAATGAAATGTGAAATCTTTTATCTTTTCCTGTACTCTGGAAGAGCAGAAGAATTATCTATTCCTTGAGAATTTCACAAAATTAGCCATAAAACCAACCAGGCTTTGTGCCTTCCAGGAGAGAGATCGTTGACGATCTTTTCTAGTTCTTTTATGGTAATTGATTTTCCATCTCTTCTCCAACAACAGCAAGGATCAGAGGTTGTGGCTATTTCATAGGGAATATCTGAAGAGGGACAGCTACAGGGATGTCGTGGGACTGCATGTCATGGGTTAAACGGGATGGGTCATGGGGAACTTTGGTGTTTGAAGGGCTCTCACAGGTTGTGATGTCTGGGGGAGCATAGCTGTCACTCAGGTAGGCATTGCTGGGCTTGGCCACCTTTAGGTAGACAACATCATACGTGTTCTTCAGGGCTGCCACAGCATCTTCATGCATGACGTCCTCTAGCCCCACACTGTTGACCTGGAGTCAAGGAAAGCAAAGCTCAGACAAAGCCACAAATGGCCCAAGACAGAAGCACTGGGGTGAAGTGATGAACTTGGGCCTGCCAGGGCTAGTAGGTGAGACCCAAATCTGGGCTAGAAAATGGGCTAGATGGAGTCCTCACCGCCAGGATCTTGTCTCCAATCTGCAACCTCCCATCCTTGTGGGCAGCACCCCCTTCGATGATCTTTGTTACATAGATGCTATTATCTCCTGGGATGTGCTGGTTCCCTACGCCCCCTGCGATGCTGAAGCCAAGACCTGGATGGAGGGGAGGCCAGAGGTGGGTGCCCAGGAAGCAGGCTTGGGGGCACAGGACAGTTGGGATGGGGGTGGGAACAAAATGAGTTACTACCTTTAGGCCCCTTGATGAGCTTGATCTCCATGACCTTCTCAGCCGGGGGCTTCCGGCGCATGACATAGAGGCGAACGATGGAGCCTGCCTCTTTGAGGGCTTCCACCGCCGCTGAGTGGGTCACCTCGCGCACGTC,GCTTTGCTTTCCTTGACTCCAGG,GCTTTGCTTTCCTTGACTCC,DLG4 F1,TAGGTAGACAACATCATACGTG,1,DLG4 R1,TGCAGATTGGAGACAAGATC,3,Ordered,60,52,ACACTCTTTCCCTACACGACGCTCTTCCGATCT,TCGGCATTCCTGCTGAACCGCTCTTCCGATCT,ACACTCTTTCCCTACACGACGCTCTTCCGATCTTAGGTAGACAACATCATACGTG,TCGGCATTCCTGCTGAACCGCTCTTCCGATCTTGCAGATTGGAGACAAGATC,CCCAGTGCTTCTGTCTTGGGCCATTTGTGGCTTTGTCTGAGCTTTGCTTTTCTTGACTCCAGGTCAACAGTGTGGGGCTAGAGGACGTCATGCATGAAGA,Antisense,"0: 1, 1: 0, 2: 1, 3: 26, 4: 220",,,DLG4 RT P1 ,GAGCATAGCTGTCACTCAGGTA,,
8,9.1,9,chr9_138824899_C_T,9:135933053,ENSG00000130560,4836,rs186876435,138824899,C,T,3_prime_UTR_variant,ret_p,UBAC1,9:138824899_C_T,138824400,138825399,Target,rs186876435,138824899,C,T,GGGGAGGGGGCTGGTTCAGAAGAGAAGTTCAAAACAAACAGCTCGGAACTGACTGCTTCCAGCAACAATAATGAGCAGAGTTCACAAAAAACAAAATAAATTCATTTTCTCATTTTAAGACACCGGTCATGTTTTTTAAAATGAAAAAAAAGGAGGAAGAGGCCAGAGGTAGGCGGAGGCAGCCGTGCTTGGGCTCAGGACCTGTGTCCCAGGAATACGGGCTCAGCTCCAGTCCCTTAAACCCAATACAACACGAGGCTTTGCCAACCAAACATGGCCACAAGGCCTCCCACATGCTGCGGTGGCCCCGGTGCCCGCCCCGGGTCAGAGCAGCCGGCACGGAGCCGCGGGGATGTGGCCTCTCGGGGACGCACGGGTTTCTTGTGCGGCACCAAGAAAAGACGAAGACAGGAAATAGGAAAAGGGACTTTATTAAAGAAAAGTCATCTGTGAGTGACTAGTTAAATTAGCATGCTTGACATTAACTCTGGGTTGAAACCTACCTCCGTCAAATAACAAGTGGACTCTCCAAGCAAATGTCTACACGGCAATTCAAGCAGCAACTCAAGAGCCCAGAGGAGCACTGGAGACGAGGCCATCACTCCACTTCCCAGTGCGACAACCACTTTTTTGTAAACACCTGTCAGATGCTAAAAATACGGCCTTACACACTACCGTCACCAAAGTTTATAAGCAATAAGATCAGAGAGCAGGAGCAGCTGCAGCACCTCTAACAGTCCAGGGCTGAGGCGCTGAAGGTGAGTTTCCAGGTGAGGTCCACTCTGCCCGGTCTCGGGCCGCACCAGGGGGCTGCTGTGGCCTGATAGCCGAGTGGAACAACGCCACCTACGTGCGATTTAGTGTCTGGAAGATTCTAGAGATCTGCAGCATGACAGGCCCCGTTTCTGGATCATTCATCCACTGGGTGCTGTTCAGTGGGTTCTCCAGCATGTCTTCAAATGCTGCAGGGAAAACAGAGCCAGCCTGAGTGCCCACGCCC,ACTTGTTATT TGACGGAGGTAGG,ACTTGTTATT TGACGGAGGT,UBAC1 F1,GGTTTCTTGTGCGGCACCA,1,UBAC1 R1,TGGAGTGATGGCCTCGTCT,1,Ordered,67,45,ACACTCTTTCCCTACACGACGCTCTTCCGATCT,TCGGCATTCCTGCTGAACCGCTCTTCCGATCT,ACACTCTTTCCCTACACGACGCTCTTCCGATCTGGTTTCTTGTGCGGCACCA,TCGGCATTCCTGCTGAACCGCTCTTCCGATCTTGGAGTGATGGCCTCGTCT,TGAGTGACTAGTTAAATTAGCATGCTTGACATTAACTCTGGGTTGAAACTTACCTCCGTCAAATAACAAGTGGACTCTCCAAGCAAATGTCTACACGGCA,Sense,"0: 1, 1: 1, 2: 0, 3: 8, 4: 97",,,UBAC1 RT P1 ,ACAAGGCCTCCCACATGCT,,
9,12.1,9,chr9_114663385_T_C,9:111901105,ENSG00000148154,6852,rs148125759,114663385,T,C,intron_variant,rdw_cv,UGCG,9:114663385_T_C,114662886,114663885,Target,rs148125759,114663385,T,C,CTTCAGCTTCCTAAGTAGCTCCCAAGTAGCTGGGACTACAGGCATGCCTGGCTAATTTTTGTGCTTTTTGTAGAGACAGGGTTCTGCCATGTTTCCCAGGCTGGTCTTGAACTCCTGGACTTAAGTGATCTACCTGTCTTGGCTCCCAAAGTGCTGGGATTACAGGTGTGAGCCATCATGCCTGGCCCCCTGGAGATTTTTTAAGTTTTTTTTAAAGTTAATTCTGCTTTCTACAAACGTATTTCCTTTATTTTGTTTATTGTTATTTTTTTGAGACAGTCCTCTCTGTTGCCCAGGCTGGAATGCAGTGGCTCGATCACGGCTTCACATCCCAGGCTCGAGCAATTCTCCCACCTCAGCCTCCCAAGTAGCTGGGACTACCGGTGCATGCCATCACGCCCAGCTAATTTTTGTCACCCAGGCTGGTCTCAAACTCCTGGGCTCAAGTGATCCCCCCACCTTGGCCTCCTGAAGTTCTGGGATTACGGGCGTGAGCCACTGCGCCCAACCCAAATATGCTATCTCTAATGTACAGCAACTTCAATACCTGATGCACAGTTTTTGAATGGAATTTGCATACTCATTGTGTCAGGATAACTGCGATAAACTACCCGTCAAAAACTGGTTATGTTTTTCATGTAAATTTTAGCATTTGGGATATTATTTTTAGTTAGTACGATCTTTGCCTTAAATTCATGAATACTTGGTGTTCCAAGCCTTAGTGGAATGTAAATTGAGAACGTCTTTTTTGGGTTTAGTCCTGCCAATGCCCTTGGACTGTGGTCAAACGTTCATCAGTCAGGATCATTGCTACAGGGCTACTTTCAGGGAAATGAATAAGGCAGTCCAGCAATTCAGCCCCTTTAACCTGAGCCTGGGAAGATACGGAATTAGACTATAGTGTGATAGCTTTAAAGAACAAAGTGAGGGGCAGTGTGGGGAGGGAGAGCATCAAGAAGAATAGTTAATAGATACTGGGCTTAATACCTCGGTGATGGGA,CATATTTGGGTTGGGCGCAGTGG,CATATTTGGGTTGGGCGCAG,UGCG F1,TGGGACTACCGGTGCAT,35,UGCG R1,CGCAGTTATCCTGACACAATGAG,1,Ordered,64,50,ACACTCTTTCCCTACACGACGCTCTTCCGATCT,TCGGCATTCCTGCTGAACCGCTCTTCCGATCT,ACACTCTTTCCCTACACGACGCTCTTCCGATCTTGGGACTACCGGTGCAT,TCGGCATTCCTGCTGAACCGCTCTTCCGATCTCGCAGTTATCCTGACACAATGAG,TCCCCCCACCTTGGCCTCCTGAAGTTCTGGGATTACGGGCGTGAGCCACCGCGCCCAACCCAAATATGCTATCTCTAATGTACAGCAACTTCAATACCTG,Sense,"0: 1, 1: 2, 2: 25, 3: 242, 4: 1874",Decided to go ahead to terst as reverse is very speific,,UGCG RT P1 ,TCCAAGGGCATTGGCAGGAC,,
10,13.1,19,chr19_10334725_A_G,19:10224049,ENSG00000130816,5291,rs117064827,10334725,A,G,missense_variant,hlr_p,DNMT1,19:10334725_A_G,10334226,10335225,Target,rs117064827,10334725,A,G,GCTGCCTGCCCTCACCCTGGCTCTTCACAGGTCCCCTGCCCTGGCCTCCCCAGGATCCAGTTCTAAAGGGGTCACACTAGCCACTGGACTGGCCCTCAGGACCGCACTGCAACACTGCTATGTGACTAGTCAGTGCCTTATCTGGCCTTTCCAGGTGTGAAATATTTGCAACATCACCCAGGTCTGTGGGGCGGGGGCATCTGGCTCAGTAGCCCCAAGTCTCTATCTGGGGTCACCCAGTGGCCTCTCCATGAACCCCTCTGCCCTGGCCTGGTTGTTGGTCCACCCCCACCCTCAGACCACCGTGTTGCCCTCCAGAAACGTGGGTGACGTGGGCATGTGCATGCCCCTCTCCAGGGAGCTGGAGCTGCGGAGTGGCAGGAGGTGGTGGCCCGGGGTCCCGCCCCGCCTCCGTCCTTGCACCCCCACCCCCGGCCTCCAGCACTGCAGCGGCCGAAGCACCTCCCGCCGCAGGTCCCGGCTGCGCCACGTGTAGATGACGGGGTTGAGCAGGGAATTCAGGGTGGAGACGGCGAAAAAGTAGTGGGCTTTGTAGAGGATCGGGCAGGAGTGGACGGGACAGGCATAGTCCAGAAGGAGGATGCTGAAGGCGGGCAGCCAGCAGACGATAAAGACGCCTAGCACGATGGTGACCGTCTTGAGCAGGGCTAGCGTCTGCGGGGCGGCCATGTCAGCGTGGCTTGAGCGGACCACGCAGTAGATGCGCACGTACAGGGCCACGATGGCCAACAGGATGATGGAGAAGATGGTCACCACGCACAGCACATAATGCTTGGCGTAGAGAGGCAGGACAGTGGAGCAGGCCTCGAGGTGGCCCAGGCAGTTCCAGCCAAGGATGGGCAGGCCACCGAGGACCAGCGAGATGAGCCACGAGGCCCCGATGAGCAGAAGCATGCGGCAGCTCTTGTCGCTGCCATACAGCTTGACCTTGGCAATGGCCACGTGGCGCTCAATGGCGATGGCCAGGAGGCTGAAGACA,TGCGCCACGTGTAGATGACGGGG,TGCGCCACGTGTAGATGACG,DNMT1 F1,TGGAGCTGCGGAGTGGCA,2,DNMT1 R1,CACTCCTGCCCGATCCTCTAC,2,Ordered,66,69,ACACTCTTTCCCTACACGACGCTCTTCCGATCT,TCGGCATTCCTGCTGAACCGCTCTTCCGATCT,ACACTCTTTCCCTACACGACGCTCTTCCGATCTTGGAGCTGCGGAGTGGCA,TCGGCATTCCTGCTGAACCGCTCTTCCGATCTCACTCCTGCCCGATCCTCTAC,CGCCGTCTCCACCCTGAATTCCCTGCTCAACCCCGCCATCTACACGTGGCGCAGCCGGGACCTGCGGCGGGAGGTGCTTCGGCCGCTGCAGTGCTGGAGG,Antisense,"0: 1, 1: 0, 2: 0, 3: 2, 4: 22",High GC repetitive region,,DNMT RT P1 ,CATCTGGCTCAGTAGCC,,
,13.2,19,,,,,rs2116942,10334663,T,G,,,,,10334226,10335225,HOM,rs2116942,10334663,T,G,,,,,,,,,,,,,,,,,,,,,,,,,
11,14.1,22,chr22_29450193_G_A,22:29054205,ENSG00000183579,14064,rs62236881,29450193,G,A,3_prime_UTR_variant,wbc,ZNRF3,22:29450193_G_A,29449694,29450693,Target,rs62236881,29450193,G,A,TTTTTTAGCTTTGACAAACACACAAAAGTGGTAATAAAGAGAGCCCTCCTTGTCAACCCAAAATGTGAGCCCCCTGTGGCAAAACCACCCCCTACCCCATTAACAAATCAACAGACAAAATTCTCCGAGTCCTTTGCCTCTTTTGATAACATGTTGTTCTGTTTTGTAAAGTGTGTGTGCTTGGGGTTCCGAGGTGTGGGATTGAGTTCTCTGCTTTGTTTTTTTTTAAGATATTGTATGTAAATGTAAAAAGTTATTTAAATATATATTTTAAAGAACCCTAACTGCCAACTTTTGCTGAAAAAGAAAAAAAAATCACTGCTGCATTAAATGAACCACATCATGTGTAGATACTGTTGTCTCCCTGAAGGGAGCTCAGGCCTTTGAAAAGCTCAGGGCTTCACCTGCCTTAGAAAATGAACCAGAAACTTGAAGTAAAGCTAGTTGATAGGGGTACAGGCTCTGAGGAGCAGTGCAAAACTGCCTCTTTCTTTCTCGTGGCAAATCCCAATGTACACGATTTCAGGTCTCAGACGCCATGCCTCTCCAGCCCACGCCTTTAGGCAGGTGATGGCAGCAGCTAGGAATAGGGTGTACATGATCCACAGCCCTGCGGAGCCAGGTCAAGCCGCTGCTATGAAAGCTCCAGGGTGATGGGGACGATTCTGCCCAGTGTCCTCAGTCTGTCCCCTCAGGTCATGGTCCCAAGTGAAATGACAGAGTTCACAGCCCTGGTCTTGGCTGAGGTCCAGGTCATAGTAAGGGCATGTTCTTGGGGCCCTCGACCTGAACTCTGACCCTCCGGGCAGGGAAGAGGAGGTTGTCCCCTTTGGTTGTCCTGGCTTTGGAGTCCTTTGCAAAAATATTTTGGGCCCCCTGCCACTGGCTGCAGAAATGGCTCGACGGGGTGTGTGGGGACAGACACCCAGAAGGAATGTACTTTTGTGGCCTTGGTGTCCGATGGGGCTGGGGGAGAGTGCTCTCCACTGACCCAGCAGCA,AACTGCCTCTTTCTTTCTCGTGG,AACTGCCTCTTTCTTTCTCG,ZNRF3 F1,GGCTTCACCTGCCTTAGA,4,ZNRF3 R1,GGACAGACTGAGGACACT,4,Ordered,62,53,ACACTCTTTCCCTACACGACGCTCTTCCGATCT,TCGGCATTCCTGCTGAACCGCTCTTCCGATCT,ACACTCTTTCCCTACACGACGCTCTTCCGATCTGGCTTCACCTGCCTTAGA,TCGGCATTCCTGCTGAACCGCTCTTCCGATCTGGACAGACTGAGGACACT,TGGAGAGGCATGGCGTCTGAGACCTGAAATCGTGTACATTGGGATTTGCTACGAGAAAGAAAGAGGCAGTTTTGCACTGCTCCTCAGAGCCTGTACCCCT,Antisense,"0: 1, 1: 0, 2: 1, 3: 22, 4: 22",mutation is in 1st G of NGG…. Is this a problem?,NGG problem,ZNRF3 RT P1 ,CCTTACTATGACCTGGACCTCAG,,
12,15.1,22,chr22_18252442_G_A,22:17769676,ENSG00000015475,10459,rs183393610,18252442,G,A,intron_variant,plt,BID,22:18252442_G_A,18251943,18252942,Target,rs183393610,18252442,G,A,GCCATGCCCCTGCCTGGCAGAAATGCCACCCAGCCCCTGGCAGAAACGCCTCCCCTCTCCTATGGAGGGGCTGATGACCCAGGAGCGGCTGGCTGCTGGTGTGAGTACACGGGTGACCCTTCCACAAAGGCCCCTAGCTGGGCTCCCTGCTCAGTTGGCCGGGTTTGGGGCTGGATGTCTGCAGGGGTCCTCAGGGATACCCAGAGGGAGAAACAAGGCTTTTGGGGAAATGGTGACACCTGGGGCCAGGTTTCTCACAGCCAGGCCCCATCTCTCCCTGCCTGGATTTCAGGGGAAGTGGGGCTTGGGTAAACAGGAACGGACGTGGCCATCAGGCCGGAAGGGTGTGTGGGCCACAGAGAAGCACCCTGAGGCTGTGCTGTCATCCAGAGTGCCACCCCGCTTTTCCAGGGCACAGCAAGGAAGTGCCTGCTGGAAGGATCCTGGGGACAGTTGTTAAGGCAATTTTATCTTCTCATAGCATGCCTGCCTCAGTTCCGCAGCCAGGACGGTGCCTTACTGACTCCACACACAGAGGCAGCTGGGTCCAGGAGGCAGCCATCCCAAACGCAGTGACCTCCAGCACCCAAAGCTCAGAGTTCCCAGCTGAACCCAGGAGGCACCCACCTTCCTGTCTCTAGGCAGATGCCAGCTGGTGCAGGAGCCACTCCCAGTCCCAATACCAGGCCTGGTCACGTGGTGCCCCGCCAGGCTTGGGGGTGTGCACTTGCCCGCTGGCCTCCGGTGCCCTCAGGCCTAGCCTCATTGTCACAGGAACGGAGCTCCTCGGGGATGGCCACCTTCCTGGACTTACCCCCAGGAGGGACACGCTGCTGCCTCCCAGGGCCCTTCGTGCCACTGGCCCCTTTCTTTCCACCCCCATATGCTACCCCTGCCTACTCCCTTCCCTGGCCCTGGGTTGCCACTCCTGTCCTGTTCTCCTGCTGTCCCCACCCCAGCCCTGACCCCAGATGGCTCTCCCTACAAAAACACCAGAACC,GTAAGGCACCGTCCTGGCTGCGG,GTAAGGCACCGTCCTGGCTG,BID F1,AAGGAAGTGCCTGCTGGA,1,BID R1,GTTCAGCTGGGAACTCTG,2,Ordered,64,56,ACACTCTTTCCCTACACGACGCTCTTCCGATCT,TCGGCATTCCTGCTGAACCGCTCTTCCGATCT,ACACTCTTTCCCTACACGACGCTCTTCCGATCTAAGGAAGTGCCTGCTGGA,TCGGCATTCCTGCTGAACCGCTCTTCCGATCTGTTCAGCTGGGAACTCTG,CAGTTGTTAAGGCAATTTTATCTTCTCATAGCATGCCTGCCTCAGTTCCACAGCCAGGACGGTGCCTTACTGACTCCACACACAGAGGCAGCTGGGTCCA,Sense,"0: 1, 1: 0, 2: 1, 3: 12, 4: 153",,,BID RT P1, TGCTGTCATCCAGAGTGCCA,,
13,16.1,8,chr8_90995426_C_T,8:89983198,ENSG00000104320,14962,rs118026302,90995426,C,T,intron_variant,lymph,NBN,8:90995426_C_T,90994927,90995926,Target,rs118026302,90995426,C,T,GTGAAATAAAATTAGTAACATACCAGGTTGGTTACAGAAAAGTTAGCAGTTAACACAGCATGATTTCGGCTGATCGACTGATCATTTTCAATCAGAATGGCACAGTTTTTCCTTCCAACAACGTACTCAACGCCAGTCAAAAGTCTGTATGGTTCTCCTGAGATAAATTTTTTTTTAAAAAAAGATAAGTTGATAGACACATACACATGTACACGAACACACACATACATGTAAGTGTATATGATATAGGTATGACAAATATTAAATAAAACACCTTTGTTATTCAAATGTTAGTCAACTTTACATATGTCAAACTTGTGTTTTCAGTAAAGCCTCACTGAAGGCTATCAAAGGTTATCTAACTATGGTGTTTCAGGAGTAACAACAACAAAATTTAAAATACAATAAAAAAGAGAAAAAGAAAAAAAGGTTATCTAAATAGATAGAAGGCTACATCATTTTTCTAAAGGGAAAGCAATGCTGAAAGGAGTCAATGTTCCCTCAAATTAACTTAAAAACTTAATGTATTACCTAGCAACAATCACAATATTATGTTTGGAACTTGATAAACAAAAATATCAGGAAACTATAAAAAAAGATGCTCAAGCCTGTAATCCCAGCTACTTGGGAGGCTGAAGCAAGAGAACTGCTTGAACCCAGGGGATGGAGGTTGCAGTGAGCCGACACAGTGCCACTGCACTCCAGCCTCGGTGACAGAGTGAGACTCCGTCTCAAAAAAAAAAAAAAATCAAGAAAAATGTGAATAATATAATAGGAGCTTGCCCTACCAGATGGCAAAATATGCCATAAAACTAAAAGTATGGTACTGGACCATGAGTAAACAACACAGACCAATGCAACAAAGTCCAGACTAAGATGCACGTGTACATTTTTTGAAAATTTGTTTTTATCTTAAAGATAACATCTCCAATCAGTGGGAAAGGGTTATCAGTTTCTTTTAAAATTGCTGTAAATCATAAGTTGTTGGAGTAACAGTATA,AAGTTTTTAAGTTAATTTGAGGG,AAGTTTTTAAGTTAATTTGA,NBN F1,TCTAACTATGGTGTTTCAGGAG,5,NBN R1,GTGATTGTTGCTAGGTAATAC,3,Ordered,56,29,ACACTCTTTCCCTACACGACGCTCTTCCGATCT,TCGGCATTCCTGCTGAACCGCTCTTCCGATCT,ACACTCTTTCCCTACACGACGCTCTTCCGATCTTCTAACTATGGTGTTTCAGGAG,TCGGCATTCCTGCTGAACCGCTCTTCCGATCTGTGATTGTTGCTAGGTAATAC,ATATTGTGATTGTTGCTAGGTAATACATTAAGTTTTTAAGTTAATTTGAGAGAACATTGACTCCTTTCAGCATTGCTTTCCCTTTAGAAAAATGATGTAG,Antisense,"0: 1, 1: 0, 2: 4, 3: 52, 4: 509","quite repetitive especially AAA, also AT rich",mutation in middle check NGG,NBN RT P1 ,CCTCACTGAAGGCTATCAAAG,,
14,19.1,12,chr12_22610292_G_C,,ENSG00000111731,4134,rs76639840,22610292,G,C,intron_variant,plt,C2CD5,12:22610292_G_C,22609793,22610792,Target,rs76639840,22610292,G,C,AGTGCTGGGATTACAGGCGTGAGCCACCGTGCCTGGCTGATTCTGATATTTATTAAAGGGGGTGGGATTCCACTCCTTTATAGTCTGCAGGCTAGTCACTTTGCTCCCTGGGTTTCAGTTTCCCTTTCTGTGAAATGAGTAGGGGAGATAAGTCTAAAGTCTCTACGGGTCTTCCAGCGCCTATTACTATAGCCTCGGGACCTAGTTTGGGACTTAGTCTACCCCCTACTCTCACTCCACGTGAGGGGATAGGATGGAGCAAGATGAAGGCTGAGTATGACGGGCCCACAAGTCCTGTTCTTGGCCCGTGTTCTCTAATCATAATTACAGCCACTGCCTGTTAAGCACTTACTATGCACAGCATTCTGTTCTAAGCCTTTAATACGCTGCATTAACTCATTCAATCCTTACAATCTCATGAGGGAAATATTATCTTTGTTTTGCAGGAGTTTAGGGAGCTGAACAGACTTGACCAAAGTCACAAAGCTGGGAAGTGGCCGAGCTGGGATTTGAACTTAGGTTCAACTCCAAAGCCCAGACCTAACTAAGAGTGGGAGCCTCCACCCCACGGGTACTGAGGTGCCCACATTGCTCAGCCCTTACCTGTGGAACTGTTTGACCCCTGCTGGAGCAAAGCTCTGAGCTCTGGGATCTTGAGGCTGGGGAACTGGGGAACAAGCTGTGCTGCCTCTGTTGGGTGGCCCCTGGGGCCAGCATAGAGAGAAAGGGGCAGAGGGAGCAACCTCCAGGTCAGCCAGGGCCCACTAGGGGTTTCCCCAGAGGGGCAGCCCCACGCAGCTACTGCCCAGGTGCAAGACTGGGCACTGAAAGGCAACCTTGGGTATGTGGCCAACTTTGGACCTCAGTTGCCTCATCTGTAAAGCATGGACTTAAATGAGTGTAGACACTCCTTGACCCCTGGGTTAGTGGCTGAGGTCAGCAATAGGATAAAGGGTTAGAGGAGAGCTTGGAGTGACAGTGACTGAGTCTGTGAAGGAAGA,CATGAGAGGAAATGCTGGAATGG,CATGAGAGGAAATGCTGGAA,C2CD5 F1 ,TGGTGACAACATTCAGCTGTC,,C2CD5 R1 ,GAACAACTTTCACACTCTCCTTG,,Ordered,,36,ACACTCTTTCCCTACACGACGCTCTTCCGATCT,TCGGCATTCCTGCTGAACCGCTCTTCCGATCT,ACACTCTTTCCCTACACGACGCTCTTCCGATCTTGGTGACAACATTCAGCTGTC,TCGGCATTCCTGCTGAACCGCTCTTCCGATCTGAACAACTTTCACACTCTCCTTG,TGCATCAACATTTTCTTTTGCAGGAATGCCATTTTTCTTCCAAAAGAATTGCATTCCAGCATTTCCTCTCATGTTTTTCTGTCTCTCTTTTTTAATTGCA,Antisense,,,,C2CD5 RT p1, CAGAACAGACGCTGGTAACAC,,
15,22.1,1,chr1_29217311_G_A,,ENSG00000159023,13348,rs115820925,29217311,G,A,intron_variant,mrv,EPB41,1:29217311_G_A,29216812,29217811,Target,rs115820925,29217311,G,A,AGTGCTGGGATTACAGGCGTGAGCCACCGTGCCTGGCTGATTCTGATATTTATTAAAGGGGGTGGGATTCCACTCCTTTATAGTCTGCAGGCTAGTCACTTTGCTCCCTGGGTTTCAGTTTCCCTTTCTGTGAAATGAGTAGGGGAGATAAGTCTAAAGTCTCTACGGGTCTTCCAGCGCCTATTACTATAGCCTCGGGACCTAGTTTGGGACTTAGTCTACCCCCTACTCTCACTCCACGTGAGGGGATAGGATGGAGCAAGATGAAGGCTGAGTATGACGGGCCCACAAGTCCTGTTCTTGGCCCGTGTTCTCTAATCATAATTACAGCCACTGCCTGTTAAGCACTTACTATGCACAGCATTCTGTTCTAAGCCTTTAATACGCTGCATTAACTCATTCAATCCTTACAATCTCATGAGGGAAATATTATCTTTGTTTTGCAGGAGTTTAGGGAGCTGAACAGACTTGACCAAAGTCACAAAGCTGGGAAGTGGCCGAGCTGGGATTTGAACTTAGGTTCAACTCCAAAGCCCAGACCTAACTAAGAGTGGGAGCCTCCACCCCACGGGTACTGAGGTGCCCACATTGCTCAGCCCTTACCTGTGGAACTGTTTGACCCCTGCTGGAGCAAAGCTCTGAGCTCTGGGATCTTGAGGCTGGGGAACTGGGGAACAAGCTGTGCTGCCTCTGTTGGGTGGCCCCTGGGGCCAGCATAGAGAGAAAGGGGCAGAGGGAGCAACCTCCAGGTCAGCCAGGGCCCACTAGGGGTTTCCCCAGAGGGGCAGCCCCACGCAGCTACTGCCCAGGTGCAAGACTGGGCACTGAAAGGCAACCTTGGGTATGTGGCCAACTTTGGACCTCAGTTGCCTCATCTGTAAAGCATGGACTTAAATGAGTGTAGACACTCCTTGACCCCTGGGTTAGTGGCTGAGGTCAGCAATAGGATAAAGGGTTAGAGGAGAGCTTGGAGTGACAGTGACTGAGTCTGTGAAGGAAGA,AAGCTGGGAAGTGGCCGAGCTGG,AAGCTGGGAAGTGGCCGAGC,EPB41 F1 ,CGCTGCATTAACTCATTCAATCC,,EPB41 R1, TCAAACAGTTCCACAGGTAAG,,Ordered,,48,ACACTCTTTCCCTACACGACGCTCTTCCGATCT,TCGGCATTCCTGCTGAACCGCTCTTCCGATCT,ACACTCTTTCCCTACACGACGCTCTTCCGATCTCGCTGCATTAACTCATTCAATCC,TCGGCATTCCTGCTGAACCGCTCTTCCGATCT TCAAACAGTTCCACAGGTAAG,TTTAGGGAGCTGAACAGACTTGACCAAAGTCACAAAGCTGGGAAGTGGCCAAGCTGGGATTTGAACTTAGGTTCAACTCCAAAGCCCAGACCTAACTAAG,Sense,,,,EPB41 RT P1 ,AGCCTCAAGATCCCAGAGCT,,
17,27.1,1,chr1_10357806_G_C,1:10297748,ENSG00000054523,8716,rs112682076,10357806,G,C,intron_variant,wbc,KIF1B,1:10357806_G_C,10357307,10358306,Target,rs112682076,10357806,G,C,TTTTTAAGGAAATAGAGCTTTTCTGGTAGCCTTTGCCTCTTGATAGTGGTTTTGGAATTTGCTTCAGTGGTGGTTCTTTAAATGATAATTACTCTGAATATTGAATTTGGTGAGAGTTTGCCTTGGTTTTGTTTCTGATCACTTGATAGTACTAATTCTCTGCTCTTGGGCTGACTTTGGGATTGTTCTTACGCTGGGCAGACTTTTTTTTTTTAAGTTAAACTGTGTCTAAAAGTGTTGCTGCACAGTTGCATGTGTTACTCCTTTCCTTATCCCCTGCATGGAGTCTGAATTCTCAATCAGGTTCTCAGTGGCATGTGTGGTAGCGGTGGGAGCAAAGGCTGCATACCCAGCCCGGACAGGACAGAAGGCTTGCTTCCTTTGAGGGAAGGAGGATTTGA,TCCATGCAGGGGATAAGGAAAGG,TCCATGCAGGGGATAAGGAA,KIF1B F1,CTCTGCTCTTGGGCTGAC,,KIF1B R1,CAAAGGCTGCATACCCAG,,,63,47,ACACTCTTTCCCTACACGACGCTCTTCCGATCT,TCGGCATTCCTGCTGAACCGCTCTTCCGATCT,ACACTCTTTCCCTACACGACGCTCTTCCGATCTCTCTGCTCTTGGGCTGAC,TCGGCATTCCTGCTGAACCGCTCTTCCGATCTCAAAGGCTGCATACCCAG,AGTTAAACTGTGTCTAAAAGTGTTGCTGCACAGTTCCATGTGTTACTCCTTTCCTTATCCCCTGCATGGAGTCTGAATTCTCAATCAGGTTCTCAGTGGC,Sense," 0: 1, 1: 0, 2: 1, 3: 20, 4: 244", Nearest CRISPR for both NGG and NGA are 17bp away so NGG chosen. HDR oligo offset as long T row will likely be problematic in synthesis. May affect PCR ,,KIF1B RT P1,AATATTGAATTTGGTGAGAG,,
18,18.1,12,chr12_57498220_T_C,12:57104437,ENSG00000166888,5588,rs201011002,57498220,T,C,non_coding_transcript_exon_variant,eo,STAT6,12:57498220_T_C,57497721,57498720,Target,rs201011002,57498220,T,C,ACTCACACATCATAATCAAAAAGCTCATGCCATGTTATTAAATGCGTTCTGAAGCTCAATCAGGGCCTCACCGTAGAGAAGTGGTTATTAGTCATCGCTATGGAACCAGACCTCCAGGTTTCAAATACCAGCTCCAACACTTAGCTGTGTGACTGGGACAAACTACTTAAACTCTCTGTCTCAATGTCCTTATCTATAAAATGAGGCTGATAATACTGCCTACCTCATAATGTTATTGTGAAAACCAGACGTGTGTGTGCTGGCACGCATGTGCGTATGTATCATTTAATAGAGTGCCCTGGTCTATAGGAAGTGCTTCCGAAGTGTTTGCTGCTATCCACTACCATTCCCTGCCCTGTGCACTCCATGCTCTTGCTCACCCCCACTCACCCGGGCCCCAGTGTGCATGAATCCCAGACACATGGGGTATGGGGCAGTCACAAGAGGTGAGGGTCCAGGGCCCTTGTGTGTGGCATTGGAGGAGGACTCGGGGTCCCAGATTGGGGCAGGGCTGGGCCACGGTTCACCTGGAGCTGGATGGGGAGTTTGCCGGGGCCAAGTGTGAAGCTGGCAGAGAAGAGCACAGCGCACTTCTCCTCTGTGACAGACTCAGTGCCCTTCCGCTCACACCGCTTGATCTTCTTGAGAAGCTGTGGGTGGGGTGAGGGAGAGCAAGGGCGAGGTCATGAGGACAGAGACCGCTCCTCCTGGGCTTCCTGACATCCTCTCCAAGGAGAGTCCCACAGTCTCCTAGTGGTGCCCCCCTCACTGCACCCCAAAGCCCCTCACCAGGTTCTTGAACAGGGCAGAGCAGCAGTTCCCAGGAATGCTGTTCTCCAAGGGCACAGTGTTGTTGATGATTTCTCCAGTGCTTTCTCTGCCAGGGGAGGTCAGAGTGTGAACGAGCTCATCTCACTGTCGTCAGGTGTGGCGAGTGCATGGGTGAGTGTAGACTACCCACTGTCACCAGCCCTAAATCTCCATGTCTCTGTTTGGGTTCT,AGGACTCGGGGTCCCAGATTGGG,AGGACTCGGGGTCCCAGATT,STAT6 F1,CACTCCATGCTCTTGCTCA,6,STAT6 R1,AAGATCAAGCGGTGTGAGC,1,,63,63,ACACTCTTTCCCTACACGACGCTCTTCCGATCT,TCGGCATTCCTGCTGAACCGCTCTTCCGATCT,ACACTCTTTCCCTACACGACGCTCTTCCGATCTCACTCCATGCTCTTGCTCA,TCGGCATTCCTGCTGAACCGCTCTTCCGATCTAAGATCAAGCGGTGTGAGC,GGCAAACTCCCCATCCAGCTCCAGGTGAACCGTGGCCCAGCCCTGCCCCAATCTGGGACCCCGAGTCCTCCTCCAATGCCACACACAAGGGCCCTGGACC,,"0: 1, 1: 0, 2: 0, 3: 1, 4: 95",,,STAT6 RT P1,CTGCTATCCACTACCATTC,,
19,17.1,14,chr14_66137037_A_C,14:65670319,ENSG00000033170,9650,rs183228067,66137037,A,C,intron_variant,mch,FUT8,14:66137037_A_C,66136538,66137537,Target,rs183228067,66137037,A,C,TAAAGTAGTCCAGTTTATATGGACTACTATATATGAGTAGCATGAGCATGCATGAGAATCATCTGGAAGGTTTCATAAAACTCCATTTTCTGTTAAGGAAGGTCTAGGCTGCAGCCTGAGAGTTTTAATATCTGACAAAAGTTTTAGGTTTAGGGACCGTGCTTTGAGAACCACTGAGGTGGACCTTGCTGGTAACTTTATCTTCAAATGAAGCCTAATTTGTTTATGTGATTTTAATTGTATTCAGGAAACATTTAATGAATAGTAATGTGACTAAGGTACTATACTAGGCATTATAAGCAGATAGAAACATCAGTAAGAAATTTCCTTTCTCTCCAAGGAAGTGGTGAAGGAGTAGAATATAGAAAAGAATTTCTTACCGCTAGTCTAGTGCTTTTCTTTCTACAATCATGATCTTTAAGATCTAAAGTTGGGCTACCTTGTTAAAATTGTGGCTTTATTGTTTTGTAATCTTGGACAAGTTACTTAACCTAGGTCTTAGTTTCCTTATCAGTAAAATGAAGAGTAATCACTTTATTGAATTGTTGGTAGATTAAATGAAATAATATATGTAATGCACTTAGTACTGATATATGAACTTATATCTAGTAATTTTTAGCTATTATGAATAGCCTTTATTCATTAAACAAATGTATAATGAGTGCCTACAGTGTGACAGATACTGAATTAAGTGATCAGGATAAATACTAAGCAAGACAGTACACATCCTCTGCACTCATATCTTGTGGGAAGTCCAACATTTTTCAAAAAACTGAGGCACTTCAGTTAATATCATTTATTGTGGGGCTAAGCACCTTTTTTCACGAGCTACAACACTAGATACGAAATAGGGAGCTATGTCATCAGCAAAGTAACTTTGGTTCCTTCATTTCTTTTGCCTCCTTTGAAAAAAAATCGGTAATATCTGACTCTTTGCAGAAGTGTCATGAAACTTAATTGAGTACTTTCTATAAAATACTTTGAGTTGCTCTGCAAGAGGTC,TGATAAGGAAACTAAGACCTAGG,TGATAAGGAAACTAAGACCT,FUT8 F1,CTTACCGCTAGTCTAGTGC,1,FUT8 R1,CAGTACTAAGTGCATTACAT,5,,55,31,ACACTCTTTCCCTACACGACGCTCTTCCGATCT,TCGGCATTCCTGCTGAACCGCTCTTCCGATCT,ACACTCTTTCCCTACACGACGCTCTTCCGATCTCTTACCGCTAGTCTAGTGC,TCGGCATTCCTGCTGAACCGCTCTTCCGATCTCAGTACTAAGTGCATTACAT,TACCAACAATTCAATAAAGTGATTACTCTTCATTTTACTGATAAGGAAACGAAGACCTAGGTTAAGTAACTTGTCCAAGATTACAAAACAATAAAGCCAC,,"0: 1, 1: 0, 2: 5, 3: 72, 4: 516",R1 is potentially self annealling also order FUT8 R2 CACTGTAGGCACTCATTATAC. low GC % region.,,FUT8 RT P1,CACTGTAGGCACTCATTATAC,,
20,20.1,19,chr19_1855583_C_T,19:1855584 ,ENSG00000129911,3836,rs74401481,1855583,C,T,intron_variant,mscv,KLF16,19:1855583_C_T,1855084,1856083,Target,rs74401481,1855583,C,T,TGGCCCCAGGCGGGACCCTGGCAGGGATTAGCAAAGGCCTCCCAGTGTCTGTCCCAGGCACAGGCACGCTCAGAAGGCATGCTCGGCCTTCAGGCTGTCCCTGCCCCCCACCCAGGGGCATGCAGGGGCCTCCATCTGTGCATGATCCCCTCCTTTTCCAAATGACCACCTGGGATGCAAAGGCTGGGTTAAGGGGGTACAATCATGGCAACCTCCCTAACCCTCCTGGCCCCTCCACGAGCAAGGGGGCATGGGAGGAACCCGCAGGCACAGTCAGTCTGGGCCCCGATCTCGGGGTGTGGTTAGATGGAAGACAGGCAGGAAAGCTCACAGGGAGGGGAGGGGGCGGGGTCTCCCGGGAAGGGGCGGGGCCCGGCGGGCTGGACTCGCCCCACCCCCACGGGACAGATGGCGCTGGGCAGGGGCGGGCCACCACCCGGCCACTTCCTCCACAGTCCCCTCCCACCGCCAAGGCCGGGCCTCGCCCATCCTGCCCCTAACCAGCCGTCACCATCTGGGCCTGCCTGTGCGCCTCCAGGCGGTGTGGGTCTTTGCTCTAGAACTGTGCCACCCGACCCCTTCCTTTAGCCGGGGTCTCACGCCCACAGCATGTGGCATCGTGATGTCAGCGTCTCCCCAGCAGATAGGGGTCTCCAACGACTGGGGAGGGGCAGGTCAGTCCACCTCCACCCAGGGACCGAAGCAGGACAAAGGGCCCTGCATCCCCGAAGCTCCCACCCTTTCGGGCCCTGCACCAGGTACCCTGGACCCTGGCATTCCGGGACGTTATTCCCGTGACACCCCAGGGTGGGTTGTGTGGATGGAGACCGGATGTGCATGCCCCTCGTGGCACTGGTTGGAGCCCTGAGTAGCAAAAGAGACGTCAGAACCAACTCCCCTGAGTGGCCCCAAAGCCTATTCTCAAGGAAGCCACAGCAGGGCCAGGAGGGTAGTCACCCGGTGGGTTACAAACTGGGCAGCCCACGCCCAGCACTGGAGGT,CCAGATGGTGACGGCTGGTTAGG,CCAGATGGTGACGGCTGGTT,KLF16 F1,ACGGGACAGATGGCGCT,2,KLF16 R1,GGAGACGCTGACATCACGAT,1,,,,ACACTCTTTCCCTACACGACGCTCTTCCGATCT,TCGGCATTCCTGCTGAACCGCTCTTCCGATCT,ACACTCTTTCCCTACACGACGCTCTTCCGATCTACGGGACAGATGGCGCT,TCGGCATTCCTGCTGAACCGCTCTTCCGATCTGGAGACGCTGACATCACGAT,ACAGTCCCCTCCCACCGCCAAGGCCGGGCCTCGCCCATCCTGCCCCTAATCAGCCGTCACCATCTGGGCCTGCCTGTGCGCCTCCAGGCGGTGTGGGTCT,Sense,"0: 1, 1: 0, 2: 0, 3: 7, 4: 69",,,KLF16 RT P1,GGTTAGATGGAAGACAGGCA,,
21,24.1,17,chr17_72758167_G_A,17:74762028 ,ENSG00000109062,13863,rs41282065,72758167,G,A,missense_variant,wbc,SLC9A3R1,17:72758167_G_A,72757668,72758667,Target,rs41282065,72758167,G,A,TCCTCCCCTGCTGCAGAGAACGGGGTACAAAGGGGCTGGGGGTCCTCAGTCATATGCCCCAGGTCCCCAGCCAGGCTGACGGGTGCCACACTCTGCCCCCTCTCCAGGAGGGCCAGACTGAGCCACCAATGGGGAGGGATAGAGGCCCGATCAACACAGCATGTGATTCACCTTAGACTGTCAGAAGGGACAGGCATGTGAGAGCTAACCTGGTCCTACCCCTCATTTGGCAGAAGAGGAAACTGAGGCTTGGACAGAGCAGTGTTTTATCCACATCACCTAAGCAGTTAGCTGCGGTGCTGGGTATCCACACAAGTCTTTTGAGTCCTGGGCCAGAACCCTCTCAAATTGCTGTGTAGGGATCTAGGCAAATTTGCATCCTCCCAAACCTTCCTTGGTTGGGGAGATGGGGACAGGCAGAGGACAGGGAAGGCAGAACCTGGGGCACTGTGGAATAGCCATGGACCCTCCCCTGTCCCTGCAGCGCGAGCTTCGGCCTCGGCTCTGTACCATGAAGAAGGGCCCCAGTGGCTATGGCTTCAACCTGCACAGCGACAAGTCCAAGCCAGGCCAGTTCATCCGGTCAGTGGACCCAGACTCCCCGGCTGAGGCTTCAGGGCTCCGGGCCCAGGATCGCATTGTGGAGGTGATGCTTCTCGCTCTCTTCCTATCTGACTGCCCCCACCCCCTGCAGATCAGCAGCACCTGGGGCAGCCATCATACCATCATGGGCTTGATTAGCCCACGGGCATAGCCAACCTGGAGCTGCTGGATGGATGGGTGGATGGGAGGGAGGGAGGGAAGGGTGGTGGATGGATAGACGGAAGGACAGATGGACTGACTGATGGACTCTTCTCTTACCTCCACTCCCCTGGACTCCTCCTTGCCAAGCAGATACAGTGGGCAGCCTGTGATTCACCCATCGATCAGGGAGATGTCTGGGGCCATCTCCAGAGCTTCCCTGCTGCCAGGCACACAGAGTGGGGTGGCAGTAACAAAAC,TTCTTCATGGTACAGAGCCGAGG,TTCTTCATGGTACAGAGCCG,SLC9A3R1 F1,TGCAGCGCGAGCTTCGG,1,SLC9A3R1 R1,CCAGGTGCTGCTGATCTGCA,5,,70,62,ACACTCTTTCCCTACACGACGCTCTTCCGATCT,TCGGCATTCCTGCTGAACCGCTCTTCCGATCT,ACACTCTTTCCCTACACGACGCTCTTCCGATCTTGCAGCGCGAGCTTCGG,TCGGCATTCCTGCTGAACCGCTCTTCCGATCTCCAGGTGCTGCTGATCTGCA,TGGAATAGCCATGGACCCTCCCCTGTCCCTGCAGCGCGAGCTTCGGCCTCAGCTCTGTACCATGAAGAAGGGCCCCAGTGGCTATGGCTTCAACCTGCAC,Sense,"0: 1, 1: 0, 2: 1, 3: 4, 4: 108}",Very close to start of 5'UTR. Primers high in GC,,SLC9A3R1 RT P1 ,AGCAGCTCCAGGTTGGCTATG,,
16,,17,EROS Control GenIE 1,,ENSG00000178927,,,80407100,,,,,EROS,,,,,,,,,ccttccttacacagGAAACGGGGTCTCTGGGGGATCCAGTGACGTGCCCAACCACAGAGACCAGgtgagactggctgatggtgtctggggctgcaggtgacttagttgggggacctgctcttggcctccagactgggcctgatggcgtgggcgcctgcctgtgtgcaggcccaagggctcagctgcctctgtctgttcccagACCCCTCCTCCTGTAGAGAGTGGTGCTGCCCTCTCGGGATGTACCTGCAGGTGGAGACCCGCACCAGCTCCCGCCTCCATCTGAAGAGGGCTCCAGGCATCCGGTCCTGGTCCCTGCTGGTTGgtaaggctctccacgtccctccccagaaccccagaaccggaagcctgactttcaaaaaggatgaaaatgaaacaaaatattttctcttttttctattaccttgaaatctaatggctattttgtttctttgtatccattcaaattctatctggtgtacttggttttacagataatg,TCTCGGGATGTACCTGCAGGTGG,TCTCGGGATGTACCTGCAGG,ERON Gen F2 ,GCTGCAGGTGACTTAGTTGGG,9,EROSN Gen R1 ,TGGAGAGCCTTACCAACCAGCA,2,Ordered,,,ACACTCTTTCCCTACACGACGCTCTTCCGATCT,TCGGCATTCCTGCTGAACCGCTCTTCCGATCT,ACACTCTTTCCCTACACGACGCTCTTCCGATCTGCTGCAGGTGACTTAGTTGGG,TCGGCATTCCTGCTGAACCGCTCTTCCGATCTTGGAGAGCCTTACCAACCAGCA,,,,CRISPR named EROS N cRNA 1,,,,,
