replicate_full	Read_1_file	Read_2_file	read_len	amplicon_size	amplicon_sd	min_overlap	max_mismatch_dens	output_file
BID_12_c1	/nfs/team151/WetLab/GenIE/Sequencing/K562/12_c1_S53_L001_R1_001.fastq.gz	/nfs/team151/WetLab/GenIE/Sequencing/K562/12_c1_S53_L001_R2_001.fastq.gz	150	193	20	10	0.109	BID_12_c1.extendedFrags.fastq.gz
BID_12_c2	/nfs/team151/WetLab/GenIE/Sequencing/K562/12_c2_S54_L001_R1_001.fastq.gz	/nfs/team151/WetLab/GenIE/Sequencing/K562/12_c2_S54_L001_R2_001.fastq.gz	150	193	20	10	0.109	BID_12_c2.extendedFrags.fastq.gz
BID_12_c3	/nfs/team151/WetLab/GenIE/Sequencing/K562/12_c3_S55_L001_R1_001.fastq.gz	/nfs/team151/WetLab/GenIE/Sequencing/K562/12_c3_S55_L001_R2_001.fastq.gz	150	193	20	10	0.109	BID_12_c3.extendedFrags.fastq.gz
BID_12_c4	/nfs/team151/WetLab/GenIE/Sequencing/K562/12_c4_S56_L001_R1_001.fastq.gz	/nfs/team151/WetLab/GenIE/Sequencing/K562/12_c4_S56_L001_R2_001.fastq.gz	150	193	20	10	0.109	BID_12_c4.extendedFrags.fastq.gz
BID_12_c5	/nfs/team151/WetLab/GenIE/Sequencing/K562/12_c5_S57_L001_R1_001.fastq.gz	/nfs/team151/WetLab/GenIE/Sequencing/K562/12_c5_S57_L001_R2_001.fastq.gz	150	193	20	10	0.109	BID_12_c5.extendedFrags.fastq.gz
BID_12_c6	/nfs/team151/WetLab/GenIE/Sequencing/K562/12_c6_S58_L001_R1_001.fastq.gz	/nfs/team151/WetLab/GenIE/Sequencing/K562/12_c6_S58_L001_R2_001.fastq.gz	150	193	20	10	0.109	BID_12_c6.extendedFrags.fastq.gz
BID_12_c7	/nfs/team151/WetLab/GenIE/Sequencing/K562/12_c7_S59_L001_R1_001.fastq.gz	/nfs/team151/WetLab/GenIE/Sequencing/K562/12_c7_S59_L001_R2_001.fastq.gz	150	193	20	10	0.109	BID_12_c7.extendedFrags.fastq.gz
BID_12_c8	/nfs/team151/WetLab/GenIE/Sequencing/K562/12_c8_S60_L001_R1_001.fastq.gz	/nfs/team151/WetLab/GenIE/Sequencing/K562/12_c8_S60_L001_R2_001.fastq.gz	150	193	20	10	0.109	BID_12_c8.extendedFrags.fastq.gz
BID_12_g1	/nfs/team151/WetLab/GenIE/Sequencing/K562/12_g1_S49_L001_R1_001.fastq.gz	/nfs/team151/WetLab/GenIE/Sequencing/K562/12_g1_S49_L001_R2_001.fastq.gz	150	193	20	10	0.109	BID_12_g1.extendedFrags.fastq.gz
BID_12_g2	/nfs/team151/WetLab/GenIE/Sequencing/K562/12_g2_S50_L001_R1_001.fastq.gz	/nfs/team151/WetLab/GenIE/Sequencing/K562/12_g2_S50_L001_R2_001.fastq.gz	150	193	20	10	0.109	BID_12_g2.extendedFrags.fastq.gz
BID_12_g3	/nfs/team151/WetLab/GenIE/Sequencing/K562/12_g3_S51_L001_R1_001.fastq.gz	/nfs/team151/WetLab/GenIE/Sequencing/K562/12_g3_S51_L001_R2_001.fastq.gz	150	193	20	10	0.109	BID_12_g3.extendedFrags.fastq.gz
BID_12_g4	/nfs/team151/WetLab/GenIE/Sequencing/K562/12_g4_S52_L001_R1_001.fastq.gz	/nfs/team151/WetLab/GenIE/Sequencing/K562/12_g4_S52_L001_R2_001.fastq.gz	150	193	20	10	0.109	BID_12_g4.extendedFrags.fastq.gz
BRAP_6_c1	/nfs/team151/WetLab/GenIE/Sequencing/K562/6_c1_S125_L001_R1_001.fastq.gz	/nfs/team151/WetLab/GenIE/Sequencing/K562/6_c1_S125_L001_R2_001.fastq.gz	150	162	20	10	0.107	BRAP_6_c1.extendedFrags.fastq.gz
BRAP_6_c2	/nfs/team151/WetLab/GenIE/Sequencing/K562/6_c2_S126_L001_R1_001.fastq.gz	/nfs/team151/WetLab/GenIE/Sequencing/K562/6_c2_S126_L001_R2_001.fastq.gz	150	162	20	10	0.107	BRAP_6_c2.extendedFrags.fastq.gz
BRAP_6_c3	/nfs/team151/WetLab/GenIE/Sequencing/K562/6_c3_S127_L001_R1_001.fastq.gz	/nfs/team151/WetLab/GenIE/Sequencing/K562/6_c3_S127_L001_R2_001.fastq.gz	150	162	20	10	0.107	BRAP_6_c3.extendedFrags.fastq.gz
BRAP_6_c4	/nfs/team151/WetLab/GenIE/Sequencing/K562/6_c4_S128_L001_R1_001.fastq.gz	/nfs/team151/WetLab/GenIE/Sequencing/K562/6_c4_S128_L001_R2_001.fastq.gz	150	162	20	10	0.107	BRAP_6_c4.extendedFrags.fastq.gz
BRAP_6_c5	/nfs/team151/WetLab/GenIE/Sequencing/K562/6_c5_S129_L001_R1_001.fastq.gz	/nfs/team151/WetLab/GenIE/Sequencing/K562/6_c5_S129_L001_R2_001.fastq.gz	150	162	20	10	0.107	BRAP_6_c5.extendedFrags.fastq.gz
BRAP_6_c6	/nfs/team151/WetLab/GenIE/Sequencing/K562/6_c6_S130_L001_R1_001.fastq.gz	/nfs/team151/WetLab/GenIE/Sequencing/K562/6_c6_S130_L001_R2_001.fastq.gz	150	162	20	10	0.107	BRAP_6_c6.extendedFrags.fastq.gz
BRAP_6_c7	/nfs/team151/WetLab/GenIE/Sequencing/K562/6_c7_S131_L001_R1_001.fastq.gz	/nfs/team151/WetLab/GenIE/Sequencing/K562/6_c7_S131_L001_R2_001.fastq.gz	150	162	20	10	0.107	BRAP_6_c7.extendedFrags.fastq.gz
BRAP_6_c8	/nfs/team151/WetLab/GenIE/Sequencing/K562/6_c8_S132_L001_R1_001.fastq.gz	/nfs/team151/WetLab/GenIE/Sequencing/K562/6_c8_S132_L001_R2_001.fastq.gz	150	162	20	10	0.107	BRAP_6_c8.extendedFrags.fastq.gz
BRAP_6_g1	/nfs/team151/WetLab/GenIE/Sequencing/K562/6_g1_S121_L001_R1_001.fastq.gz	/nfs/team151/WetLab/GenIE/Sequencing/K562/6_g1_S121_L001_R2_001.fastq.gz	150	162	20	10	0.107	BRAP_6_g1.extendedFrags.fastq.gz
BRAP_6_g2	/nfs/team151/WetLab/GenIE/Sequencing/K562/6_g2_S122_L001_R1_001.fastq.gz	/nfs/team151/WetLab/GenIE/Sequencing/K562/6_g2_S122_L001_R2_001.fastq.gz	150	162	20	10	0.107	BRAP_6_g2.extendedFrags.fastq.gz
BRAP_6_g3	/nfs/team151/WetLab/GenIE/Sequencing/K562/6_g3_S123_L001_R1_001.fastq.gz	/nfs/team151/WetLab/GenIE/Sequencing/K562/6_g3_S123_L001_R2_001.fastq.gz	150	162	20	10	0.107	BRAP_6_g3.extendedFrags.fastq.gz
BRAP_6_g4	/nfs/team151/WetLab/GenIE/Sequencing/K562/6_g4_S124_L001_R1_001.fastq.gz	/nfs/team151/WetLab/GenIE/Sequencing/K562/6_g4_S124_L001_R2_001.fastq.gz	150	162	20	10	0.107	BRAP_6_g4.extendedFrags.fastq.gz
C2CD5_14_c1	/nfs/team151/WetLab/GenIE/Sequencing/K562/14_c1_S29_L001_R1_001.fastq.gz	/nfs/team151/WetLab/GenIE/Sequencing/K562/14_c1_S29_L001_R2_001.fastq.gz	150	285	20	10	0.15	C2CD5_14_c1.extendedFrags.fastq.gz
C2CD5_14_c2	/nfs/team151/WetLab/GenIE/Sequencing/K562/14_c2_S30_L001_R1_001.fastq.gz	/nfs/team151/WetLab/GenIE/Sequencing/K562/14_c2_S30_L001_R2_001.fastq.gz	150	285	20	10	0.15	C2CD5_14_c2.extendedFrags.fastq.gz
C2CD5_14_c3	/nfs/team151/WetLab/GenIE/Sequencing/K562/14_c3_S31_L001_R1_001.fastq.gz	/nfs/team151/WetLab/GenIE/Sequencing/K562/14_c3_S31_L001_R2_001.fastq.gz	150	285	20	10	0.15	C2CD5_14_c3.extendedFrags.fastq.gz
C2CD5_14_c4	/nfs/team151/WetLab/GenIE/Sequencing/K562/14_c4_S32_L001_R1_001.fastq.gz	/nfs/team151/WetLab/GenIE/Sequencing/K562/14_c4_S32_L001_R2_001.fastq.gz	150	285	20	10	0.15	C2CD5_14_c4.extendedFrags.fastq.gz
C2CD5_14_c5	/nfs/team151/WetLab/GenIE/Sequencing/K562/14_c5_S33_L001_R1_001.fastq.gz	/nfs/team151/WetLab/GenIE/Sequencing/K562/14_c5_S33_L001_R2_001.fastq.gz	150	285	20	10	0.15	C2CD5_14_c5.extendedFrags.fastq.gz
C2CD5_14_c6	/nfs/team151/WetLab/GenIE/Sequencing/K562/14_c6_S34_L001_R1_001.fastq.gz	/nfs/team151/WetLab/GenIE/Sequencing/K562/14_c6_S34_L001_R2_001.fastq.gz	150	285	20	10	0.15	C2CD5_14_c6.extendedFrags.fastq.gz
C2CD5_14_c7	/nfs/team151/WetLab/GenIE/Sequencing/K562/14_c7_S35_L001_R1_001.fastq.gz	/nfs/team151/WetLab/GenIE/Sequencing/K562/14_c7_S35_L001_R2_001.fastq.gz	150	285	20	10	0.15	C2CD5_14_c7.extendedFrags.fastq.gz
C2CD5_14_c8	/nfs/team151/WetLab/GenIE/Sequencing/K562/14_c8_S36_L001_R1_001.fastq.gz	/nfs/team151/WetLab/GenIE/Sequencing/K562/14_c8_S36_L001_R2_001.fastq.gz	150	285	20	10	0.15	C2CD5_14_c8.extendedFrags.fastq.gz
C2CD5_14_g1	/nfs/team151/WetLab/GenIE/Sequencing/K562/14_g1_S25_L001_R1_001.fastq.gz	/nfs/team151/WetLab/GenIE/Sequencing/K562/14_g1_S25_L001_R2_001.fastq.gz	150	285	20	10	0.15	C2CD5_14_g1.extendedFrags.fastq.gz
C2CD5_14_g2	/nfs/team151/WetLab/GenIE/Sequencing/K562/14_g2_S26_L001_R1_001.fastq.gz	/nfs/team151/WetLab/GenIE/Sequencing/K562/14_g2_S26_L001_R2_001.fastq.gz	150	285	20	10	0.15	C2CD5_14_g2.extendedFrags.fastq.gz
C2CD5_14_g3	/nfs/team151/WetLab/GenIE/Sequencing/K562/14_g3_S27_L001_R1_001.fastq.gz	/nfs/team151/WetLab/GenIE/Sequencing/K562/14_g3_S27_L001_R2_001.fastq.gz	150	285	20	10	0.15	C2CD5_14_g3.extendedFrags.fastq.gz
C2CD5_14_g4	/nfs/team151/WetLab/GenIE/Sequencing/K562/14_g4_S28_L001_R1_001.fastq.gz	/nfs/team151/WetLab/GenIE/Sequencing/K562/14_g4_S28_L001_R2_001.fastq.gz	150	285	20	10	0.15	C2CD5_14_g4.extendedFrags.fastq.gz
CUX1_3_c1	/nfs/team151/WetLab/GenIE/Sequencing/K562/3_c1_S161_L001_R1_001.fastq.gz	/nfs/team151/WetLab/GenIE/Sequencing/K562/3_c1_S161_L001_R2_001.fastq.gz	150	233	20	10	0.115	CUX1_3_c1.extendedFrags.fastq.gz
CUX1_3_c2	/nfs/team151/WetLab/GenIE/Sequencing/K562/3_c2_S162_L001_R1_001.fastq.gz	/nfs/team151/WetLab/GenIE/Sequencing/K562/3_c2_S162_L001_R2_001.fastq.gz	150	233	20	10	0.115	CUX1_3_c2.extendedFrags.fastq.gz
CUX1_3_c3	/nfs/team151/WetLab/GenIE/Sequencing/K562/3_c3_S163_L001_R1_001.fastq.gz	/nfs/team151/WetLab/GenIE/Sequencing/K562/3_c3_S163_L001_R2_001.fastq.gz	150	233	20	10	0.115	CUX1_3_c3.extendedFrags.fastq.gz
CUX1_3_c4	/nfs/team151/WetLab/GenIE/Sequencing/K562/3_c4_S164_L001_R1_001.fastq.gz	/nfs/team151/WetLab/GenIE/Sequencing/K562/3_c4_S164_L001_R2_001.fastq.gz	150	233	20	10	0.115	CUX1_3_c4.extendedFrags.fastq.gz
CUX1_3_c5	/nfs/team151/WetLab/GenIE/Sequencing/K562/3_c5_S165_L001_R1_001.fastq.gz	/nfs/team151/WetLab/GenIE/Sequencing/K562/3_c5_S165_L001_R2_001.fastq.gz	150	233	20	10	0.115	CUX1_3_c5.extendedFrags.fastq.gz
CUX1_3_c6	/nfs/team151/WetLab/GenIE/Sequencing/K562/3_c6_S166_L001_R1_001.fastq.gz	/nfs/team151/WetLab/GenIE/Sequencing/K562/3_c6_S166_L001_R2_001.fastq.gz	150	233	20	10	0.115	CUX1_3_c6.extendedFrags.fastq.gz
CUX1_3_c7	/nfs/team151/WetLab/GenIE/Sequencing/K562/3_c7_S167_L001_R1_001.fastq.gz	/nfs/team151/WetLab/GenIE/Sequencing/K562/3_c7_S167_L001_R2_001.fastq.gz	150	233	20	10	0.115	CUX1_3_c7.extendedFrags.fastq.gz
CUX1_3_c8	/nfs/team151/WetLab/GenIE/Sequencing/K562/3_c8_S168_L001_R1_001.fastq.gz	/nfs/team151/WetLab/GenIE/Sequencing/K562/3_c8_S168_L001_R2_001.fastq.gz	150	233	20	10	0.115	CUX1_3_c8.extendedFrags.fastq.gz
CUX1_3_g1	/nfs/team151/WetLab/GenIE/Sequencing/K562/3_g1_S157_L001_R1_001.fastq.gz	/nfs/team151/WetLab/GenIE/Sequencing/K562/3_g1_S157_L001_R2_001.fastq.gz	150	233	20	10	0.115	CUX1_3_g1.extendedFrags.fastq.gz
CUX1_3_g2	/nfs/team151/WetLab/GenIE/Sequencing/K562/3_g2_S158_L001_R1_001.fastq.gz	/nfs/team151/WetLab/GenIE/Sequencing/K562/3_g2_S158_L001_R2_001.fastq.gz	150	233	20	10	0.115	CUX1_3_g2.extendedFrags.fastq.gz
CUX1_3_g3	/nfs/team151/WetLab/GenIE/Sequencing/K562/3_g3_S159_L001_R1_001.fastq.gz	/nfs/team151/WetLab/GenIE/Sequencing/K562/3_g3_S159_L001_R2_001.fastq.gz	150	233	20	10	0.115	CUX1_3_g3.extendedFrags.fastq.gz
CUX1_3_g4	/nfs/team151/WetLab/GenIE/Sequencing/K562/3_g4_S160_L001_R1_001.fastq.gz	/nfs/team151/WetLab/GenIE/Sequencing/K562/3_g4_S160_L001_R2_001.fastq.gz	150	233	20	10	0.115	CUX1_3_g4.extendedFrags.fastq.gz
DLG4_7_c1	/nfs/team151/WetLab/GenIE/Sequencing/K562/7_c1_S113_L001_R1_001.fastq.gz	/nfs/team151/WetLab/GenIE/Sequencing/K562/7_c1_S113_L001_R2_001.fastq.gz	150	252	20	10	0.121	DLG4_7_c1.extendedFrags.fastq.gz
DLG4_7_c2	/nfs/team151/WetLab/GenIE/Sequencing/K562/7_c2_S114_L001_R1_001.fastq.gz	/nfs/team151/WetLab/GenIE/Sequencing/K562/7_c2_S114_L001_R2_001.fastq.gz	150	252	20	10	0.121	DLG4_7_c2.extendedFrags.fastq.gz
DLG4_7_c3	/nfs/team151/WetLab/GenIE/Sequencing/K562/7_c3_S115_L001_R1_001.fastq.gz	/nfs/team151/WetLab/GenIE/Sequencing/K562/7_c3_S115_L001_R2_001.fastq.gz	150	252	20	10	0.121	DLG4_7_c3.extendedFrags.fastq.gz
DLG4_7_c4	/nfs/team151/WetLab/GenIE/Sequencing/K562/7_c4_S116_L001_R1_001.fastq.gz	/nfs/team151/WetLab/GenIE/Sequencing/K562/7_c4_S116_L001_R2_001.fastq.gz	150	252	20	10	0.121	DLG4_7_c4.extendedFrags.fastq.gz
DLG4_7_c5	/nfs/team151/WetLab/GenIE/Sequencing/K562/7_c5_S117_L001_R1_001.fastq.gz	/nfs/team151/WetLab/GenIE/Sequencing/K562/7_c5_S117_L001_R2_001.fastq.gz	150	252	20	10	0.121	DLG4_7_c5.extendedFrags.fastq.gz
DLG4_7_c6	/nfs/team151/WetLab/GenIE/Sequencing/K562/7_c6_S118_L001_R1_001.fastq.gz	/nfs/team151/WetLab/GenIE/Sequencing/K562/7_c6_S118_L001_R2_001.fastq.gz	150	252	20	10	0.121	DLG4_7_c6.extendedFrags.fastq.gz
DLG4_7_c7	/nfs/team151/WetLab/GenIE/Sequencing/K562/7_c7_S119_L001_R1_001.fastq.gz	/nfs/team151/WetLab/GenIE/Sequencing/K562/7_c7_S119_L001_R2_001.fastq.gz	150	252	20	10	0.121	DLG4_7_c7.extendedFrags.fastq.gz
DLG4_7_c8	/nfs/team151/WetLab/GenIE/Sequencing/K562/7_c8_S120_L001_R1_001.fastq.gz	/nfs/team151/WetLab/GenIE/Sequencing/K562/7_c8_S120_L001_R2_001.fastq.gz	150	252	20	10	0.121	DLG4_7_c8.extendedFrags.fastq.gz
DLG4_7_g1	/nfs/team151/WetLab/GenIE/Sequencing/K562/7_g1_S109_L001_R1_001.fastq.gz	/nfs/team151/WetLab/GenIE/Sequencing/K562/7_g1_S109_L001_R2_001.fastq.gz	150	252	20	10	0.121	DLG4_7_g1.extendedFrags.fastq.gz
DLG4_7_g2	/nfs/team151/WetLab/GenIE/Sequencing/K562/7_g2_S110_L001_R1_001.fastq.gz	/nfs/team151/WetLab/GenIE/Sequencing/K562/7_g2_S110_L001_R2_001.fastq.gz	150	252	20	10	0.121	DLG4_7_g2.extendedFrags.fastq.gz
DLG4_7_g3	/nfs/team151/WetLab/GenIE/Sequencing/K562/7_g3_S111_L001_R1_001.fastq.gz	/nfs/team151/WetLab/GenIE/Sequencing/K562/7_g3_S111_L001_R2_001.fastq.gz	150	252	20	10	0.121	DLG4_7_g3.extendedFrags.fastq.gz
DLG4_7_g4	/nfs/team151/WetLab/GenIE/Sequencing/K562/7_g4_S112_L001_R1_001.fastq.gz	/nfs/team151/WetLab/GenIE/Sequencing/K562/7_g4_S112_L001_R2_001.fastq.gz	150	252	20	10	0.121	DLG4_7_g4.extendedFrags.fastq.gz
DNMT1_10_c1	/nfs/team151/WetLab/GenIE/Sequencing/K562/10_c1_S77_L001_R1_001.fastq.gz	/nfs/team151/WetLab/GenIE/Sequencing/K562/10_c1_S77_L001_R2_001.fastq.gz	150	211	20	10	0.111	DNMT1_10_c1.extendedFrags.fastq.gz
DNMT1_10_c2	/nfs/team151/WetLab/GenIE/Sequencing/K562/10_c2_S78_L001_R1_001.fastq.gz	/nfs/team151/WetLab/GenIE/Sequencing/K562/10_c2_S78_L001_R2_001.fastq.gz	150	211	20	10	0.111	DNMT1_10_c2.extendedFrags.fastq.gz
DNMT1_10_c3	/nfs/team151/WetLab/GenIE/Sequencing/K562/10_c3_S79_L001_R1_001.fastq.gz	/nfs/team151/WetLab/GenIE/Sequencing/K562/10_c3_S79_L001_R2_001.fastq.gz	150	211	20	10	0.111	DNMT1_10_c3.extendedFrags.fastq.gz
DNMT1_10_c4	/nfs/team151/WetLab/GenIE/Sequencing/K562/10_c4_S80_L001_R1_001.fastq.gz	/nfs/team151/WetLab/GenIE/Sequencing/K562/10_c4_S80_L001_R2_001.fastq.gz	150	211	20	10	0.111	DNMT1_10_c4.extendedFrags.fastq.gz
DNMT1_10_c5	/nfs/team151/WetLab/GenIE/Sequencing/K562/10_c5_S81_L001_R1_001.fastq.gz	/nfs/team151/WetLab/GenIE/Sequencing/K562/10_c5_S81_L001_R2_001.fastq.gz	150	211	20	10	0.111	DNMT1_10_c5.extendedFrags.fastq.gz
DNMT1_10_c6	/nfs/team151/WetLab/GenIE/Sequencing/K562/10_c6_S82_L001_R1_001.fastq.gz	/nfs/team151/WetLab/GenIE/Sequencing/K562/10_c6_S82_L001_R2_001.fastq.gz	150	211	20	10	0.111	DNMT1_10_c6.extendedFrags.fastq.gz
DNMT1_10_c7	/nfs/team151/WetLab/GenIE/Sequencing/K562/10_c7_S83_L001_R1_001.fastq.gz	/nfs/team151/WetLab/GenIE/Sequencing/K562/10_c7_S83_L001_R2_001.fastq.gz	150	211	20	10	0.111	DNMT1_10_c7.extendedFrags.fastq.gz
DNMT1_10_c8	/nfs/team151/WetLab/GenIE/Sequencing/K562/10_c8_S84_L001_R1_001.fastq.gz	/nfs/team151/WetLab/GenIE/Sequencing/K562/10_c8_S84_L001_R2_001.fastq.gz	150	211	20	10	0.111	DNMT1_10_c8.extendedFrags.fastq.gz
DNMT1_10_g1	/nfs/team151/WetLab/GenIE/Sequencing/K562/10_g1_S73_L001_R1_001.fastq.gz	/nfs/team151/WetLab/GenIE/Sequencing/K562/10_g1_S73_L001_R2_001.fastq.gz	150	211	20	10	0.111	DNMT1_10_g1.extendedFrags.fastq.gz
DNMT1_10_g2	/nfs/team151/WetLab/GenIE/Sequencing/K562/10_g2_S74_L001_R1_001.fastq.gz	/nfs/team151/WetLab/GenIE/Sequencing/K562/10_g2_S74_L001_R2_001.fastq.gz	150	211	20	10	0.111	DNMT1_10_g2.extendedFrags.fastq.gz
DNMT1_10_g3	/nfs/team151/WetLab/GenIE/Sequencing/K562/10_g3_S75_L001_R1_001.fastq.gz	/nfs/team151/WetLab/GenIE/Sequencing/K562/10_g3_S75_L001_R2_001.fastq.gz	150	211	20	10	0.111	DNMT1_10_g3.extendedFrags.fastq.gz
DNMT1_10_g4	/nfs/team151/WetLab/GenIE/Sequencing/K562/10_g4_S76_L001_R1_001.fastq.gz	/nfs/team151/WetLab/GenIE/Sequencing/K562/10_g4_S76_L001_R2_001.fastq.gz	150	211	20	10	0.111	DNMT1_10_g4.extendedFrags.fastq.gz
EPB41_15_c1	/nfs/team151/WetLab/GenIE/Sequencing/K562/15_c1_S17_L001_R1_001.fastq.gz	/nfs/team151/WetLab/GenIE/Sequencing/K562/15_c1_S17_L001_R2_001.fastq.gz	150	235	20	10	0.115	EPB41_15_c1.extendedFrags.fastq.gz
EPB41_15_c2	/nfs/team151/WetLab/GenIE/Sequencing/K562/15_c2_S18_L001_R1_001.fastq.gz	/nfs/team151/WetLab/GenIE/Sequencing/K562/15_c2_S18_L001_R2_001.fastq.gz	150	235	20	10	0.115	EPB41_15_c2.extendedFrags.fastq.gz
EPB41_15_c3	/nfs/team151/WetLab/GenIE/Sequencing/K562/15_c3_S19_L001_R1_001.fastq.gz	/nfs/team151/WetLab/GenIE/Sequencing/K562/15_c3_S19_L001_R2_001.fastq.gz	150	235	20	10	0.115	EPB41_15_c3.extendedFrags.fastq.gz
EPB41_15_c4	/nfs/team151/WetLab/GenIE/Sequencing/K562/15_c4_S20_L001_R1_001.fastq.gz	/nfs/team151/WetLab/GenIE/Sequencing/K562/15_c4_S20_L001_R2_001.fastq.gz	150	235	20	10	0.115	EPB41_15_c4.extendedFrags.fastq.gz
EPB41_15_c5	/nfs/team151/WetLab/GenIE/Sequencing/K562/15_c5_S21_L001_R1_001.fastq.gz	/nfs/team151/WetLab/GenIE/Sequencing/K562/15_c5_S21_L001_R2_001.fastq.gz	150	235	20	10	0.115	EPB41_15_c5.extendedFrags.fastq.gz
EPB41_15_c6	/nfs/team151/WetLab/GenIE/Sequencing/K562/15_c6_S22_L001_R1_001.fastq.gz	/nfs/team151/WetLab/GenIE/Sequencing/K562/15_c6_S22_L001_R2_001.fastq.gz	150	235	20	10	0.115	EPB41_15_c6.extendedFrags.fastq.gz
EPB41_15_c7	/nfs/team151/WetLab/GenIE/Sequencing/K562/15_c7_S23_L001_R1_001.fastq.gz	/nfs/team151/WetLab/GenIE/Sequencing/K562/15_c7_S23_L001_R2_001.fastq.gz	150	235	20	10	0.115	EPB41_15_c7.extendedFrags.fastq.gz
EPB41_15_c8	/nfs/team151/WetLab/GenIE/Sequencing/K562/15_c8_S24_L001_R1_001.fastq.gz	/nfs/team151/WetLab/GenIE/Sequencing/K562/15_c8_S24_L001_R2_001.fastq.gz	150	235	20	10	0.115	EPB41_15_c8.extendedFrags.fastq.gz
EPB41_15_g1	/nfs/team151/WetLab/GenIE/Sequencing/K562/15_g1_S13_L001_R1_001.fastq.gz	/nfs/team151/WetLab/GenIE/Sequencing/K562/15_g1_S13_L001_R2_001.fastq.gz	150	235	20	10	0.115	EPB41_15_g1.extendedFrags.fastq.gz
EPB41_15_g2	/nfs/team151/WetLab/GenIE/Sequencing/K562/15_g2_S14_L001_R1_001.fastq.gz	/nfs/team151/WetLab/GenIE/Sequencing/K562/15_g2_S14_L001_R2_001.fastq.gz	150	235	20	10	0.115	EPB41_15_g2.extendedFrags.fastq.gz
EPB41_15_g3	/nfs/team151/WetLab/GenIE/Sequencing/K562/15_g3_S15_L001_R1_001.fastq.gz	/nfs/team151/WetLab/GenIE/Sequencing/K562/15_g3_S15_L001_R2_001.fastq.gz	150	235	20	10	0.115	EPB41_15_g3.extendedFrags.fastq.gz
EPB41_15_g4	/nfs/team151/WetLab/GenIE/Sequencing/K562/15_g4_S16_L001_R1_001.fastq.gz	/nfs/team151/WetLab/GenIE/Sequencing/K562/15_g4_S16_L001_R2_001.fastq.gz	150	235	20	10	0.115	EPB41_15_g4.extendedFrags.fastq.gz
EROS_16_c1	/nfs/team151/WetLab/GenIE/Sequencing/K562/16_c1_S5_L001_R1_001.fastq.gz	/nfs/team151/WetLab/GenIE/Sequencing/K562/16_c1_S5_L001_R2_001.fastq.gz	150	249	20	10	0.12	EROS_16_c1.extendedFrags.fastq.gz
EROS_16_c2	/nfs/team151/WetLab/GenIE/Sequencing/K562/16_c2_S6_L001_R1_001.fastq.gz	/nfs/team151/WetLab/GenIE/Sequencing/K562/16_c2_S6_L001_R2_001.fastq.gz	150	249	20	10	0.12	EROS_16_c2.extendedFrags.fastq.gz
EROS_16_c3	/nfs/team151/WetLab/GenIE/Sequencing/K562/16_c3_S7_L001_R1_001.fastq.gz	/nfs/team151/WetLab/GenIE/Sequencing/K562/16_c3_S7_L001_R2_001.fastq.gz	150	249	20	10	0.12	EROS_16_c3.extendedFrags.fastq.gz
EROS_16_c4	/nfs/team151/WetLab/GenIE/Sequencing/K562/16_c4_S8_L001_R1_001.fastq.gz	/nfs/team151/WetLab/GenIE/Sequencing/K562/16_c4_S8_L001_R2_001.fastq.gz	150	249	20	10	0.12	EROS_16_c4.extendedFrags.fastq.gz
EROS_16_c5	/nfs/team151/WetLab/GenIE/Sequencing/K562/16_c5_S9_L001_R1_001.fastq.gz	/nfs/team151/WetLab/GenIE/Sequencing/K562/16_c5_S9_L001_R2_001.fastq.gz	150	249	20	10	0.12	EROS_16_c5.extendedFrags.fastq.gz
EROS_16_c6	/nfs/team151/WetLab/GenIE/Sequencing/K562/16_c6_S10_L001_R1_001.fastq.gz	/nfs/team151/WetLab/GenIE/Sequencing/K562/16_c6_S10_L001_R2_001.fastq.gz	150	249	20	10	0.12	EROS_16_c6.extendedFrags.fastq.gz
EROS_16_c7	/nfs/team151/WetLab/GenIE/Sequencing/K562/16_c7_S11_L001_R1_001.fastq.gz	/nfs/team151/WetLab/GenIE/Sequencing/K562/16_c7_S11_L001_R2_001.fastq.gz	150	249	20	10	0.12	EROS_16_c7.extendedFrags.fastq.gz
EROS_16_c8	/nfs/team151/WetLab/GenIE/Sequencing/K562/16_c8_S12_L001_R1_001.fastq.gz	/nfs/team151/WetLab/GenIE/Sequencing/K562/16_c8_S12_L001_R2_001.fastq.gz	150	249	20	10	0.12	EROS_16_c8.extendedFrags.fastq.gz
EROS_16_g1	/nfs/team151/WetLab/GenIE/Sequencing/K562/16_g1_S1_L001_R1_001.fastq.gz	/nfs/team151/WetLab/GenIE/Sequencing/K562/16_g1_S1_L001_R2_001.fastq.gz	150	249	20	10	0.12	EROS_16_g1.extendedFrags.fastq.gz
EROS_16_g2	/nfs/team151/WetLab/GenIE/Sequencing/K562/16_g2_S2_L001_R1_001.fastq.gz	/nfs/team151/WetLab/GenIE/Sequencing/K562/16_g2_S2_L001_R2_001.fastq.gz	150	249	20	10	0.12	EROS_16_g2.extendedFrags.fastq.gz
EROS_16_g3	/nfs/team151/WetLab/GenIE/Sequencing/K562/16_g3_S3_L001_R1_001.fastq.gz	/nfs/team151/WetLab/GenIE/Sequencing/K562/16_g3_S3_L001_R2_001.fastq.gz	150	249	20	10	0.12	EROS_16_g3.extendedFrags.fastq.gz
EROS_16_g4	/nfs/team151/WetLab/GenIE/Sequencing/K562/16_g4_S4_L001_R1_001.fastq.gz	/nfs/team151/WetLab/GenIE/Sequencing/K562/16_g4_S4_L001_R2_001.fastq.gz	150	249	20	10	0.12	EROS_16_g4.extendedFrags.fastq.gz
FOXP1_2_c1	/nfs/team151/WetLab/GenIE/Sequencing/K562/2_c1_S173_L001_R1_001.fastq.gz	/nfs/team151/WetLab/GenIE/Sequencing/K562/2_c1_S173_L001_R2_001.fastq.gz	150	222	20	10	0.113	FOXP1_2_c1.extendedFrags.fastq.gz
FOXP1_2_c2	/nfs/team151/WetLab/GenIE/Sequencing/K562/2_c2_S174_L001_R1_001.fastq.gz	/nfs/team151/WetLab/GenIE/Sequencing/K562/2_c2_S174_L001_R2_001.fastq.gz	150	222	20	10	0.113	FOXP1_2_c2.extendedFrags.fastq.gz
FOXP1_2_c3	/nfs/team151/WetLab/GenIE/Sequencing/K562/2_c3_S175_L001_R1_001.fastq.gz	/nfs/team151/WetLab/GenIE/Sequencing/K562/2_c3_S175_L001_R2_001.fastq.gz	150	222	20	10	0.113	FOXP1_2_c3.extendedFrags.fastq.gz
FOXP1_2_c4	/nfs/team151/WetLab/GenIE/Sequencing/K562/2_c4_S176_L001_R1_001.fastq.gz	/nfs/team151/WetLab/GenIE/Sequencing/K562/2_c4_S176_L001_R2_001.fastq.gz	150	222	20	10	0.113	FOXP1_2_c4.extendedFrags.fastq.gz
FOXP1_2_c5	/nfs/team151/WetLab/GenIE/Sequencing/K562/2_c5_S177_L001_R1_001.fastq.gz	/nfs/team151/WetLab/GenIE/Sequencing/K562/2_c5_S177_L001_R2_001.fastq.gz	150	222	20	10	0.113	FOXP1_2_c5.extendedFrags.fastq.gz
FOXP1_2_c6	/nfs/team151/WetLab/GenIE/Sequencing/K562/2_c6_S178_L001_R1_001.fastq.gz	/nfs/team151/WetLab/GenIE/Sequencing/K562/2_c6_S178_L001_R2_001.fastq.gz	150	222	20	10	0.113	FOXP1_2_c6.extendedFrags.fastq.gz
FOXP1_2_c7	/nfs/team151/WetLab/GenIE/Sequencing/K562/2_c7_S179_L001_R1_001.fastq.gz	/nfs/team151/WetLab/GenIE/Sequencing/K562/2_c7_S179_L001_R2_001.fastq.gz	150	222	20	10	0.113	FOXP1_2_c7.extendedFrags.fastq.gz
FOXP1_2_c8	/nfs/team151/WetLab/GenIE/Sequencing/K562/2_c8_S180_L001_R1_001.fastq.gz	/nfs/team151/WetLab/GenIE/Sequencing/K562/2_c8_S180_L001_R2_001.fastq.gz	150	222	20	10	0.113	FOXP1_2_c8.extendedFrags.fastq.gz
FOXP1_2_g1	/nfs/team151/WetLab/GenIE/Sequencing/K562/2_g1_S169_L001_R1_001.fastq.gz	/nfs/team151/WetLab/GenIE/Sequencing/K562/2_g1_S169_L001_R2_001.fastq.gz	150	222	20	10	0.113	FOXP1_2_g1.extendedFrags.fastq.gz
FOXP1_2_g2	/nfs/team151/WetLab/GenIE/Sequencing/K562/2_g2_S170_L001_R1_001.fastq.gz	/nfs/team151/WetLab/GenIE/Sequencing/K562/2_g2_S170_L001_R2_001.fastq.gz	150	222	20	10	0.113	FOXP1_2_g2.extendedFrags.fastq.gz
FOXP1_2_g3	/nfs/team151/WetLab/GenIE/Sequencing/K562/2_g3_S171_L001_R1_001.fastq.gz	/nfs/team151/WetLab/GenIE/Sequencing/K562/2_g3_S171_L001_R2_001.fastq.gz	150	222	20	10	0.113	FOXP1_2_g3.extendedFrags.fastq.gz
FOXP1_2_g4	/nfs/team151/WetLab/GenIE/Sequencing/K562/2_g4_S172_L001_R1_001.fastq.gz	/nfs/team151/WetLab/GenIE/Sequencing/K562/2_g4_S172_L001_R2_001.fastq.gz	150	222	20	10	0.113	FOXP1_2_g4.extendedFrags.fastq.gz
NBN_13_c1	/nfs/team151/WetLab/GenIE/Sequencing/K562/13_c1_S41_L001_R1_001.fastq.gz	/nfs/team151/WetLab/GenIE/Sequencing/K562/13_c1_S41_L001_R2_001.fastq.gz	150	188	20	10	0.109	NBN_13_c1.extendedFrags.fastq.gz
NBN_13_c2	/nfs/team151/WetLab/GenIE/Sequencing/K562/13_c2_S42_L001_R1_001.fastq.gz	/nfs/team151/WetLab/GenIE/Sequencing/K562/13_c2_S42_L001_R2_001.fastq.gz	150	188	20	10	0.109	NBN_13_c2.extendedFrags.fastq.gz
NBN_13_c3	/nfs/team151/WetLab/GenIE/Sequencing/K562/13_c3_S43_L001_R1_001.fastq.gz	/nfs/team151/WetLab/GenIE/Sequencing/K562/13_c3_S43_L001_R2_001.fastq.gz	150	188	20	10	0.109	NBN_13_c3.extendedFrags.fastq.gz
NBN_13_c4	/nfs/team151/WetLab/GenIE/Sequencing/K562/13_c4_S44_L001_R1_001.fastq.gz	/nfs/team151/WetLab/GenIE/Sequencing/K562/13_c4_S44_L001_R2_001.fastq.gz	150	188	20	10	0.109	NBN_13_c4.extendedFrags.fastq.gz
NBN_13_c5	/nfs/team151/WetLab/GenIE/Sequencing/K562/13_c5_S45_L001_R1_001.fastq.gz	/nfs/team151/WetLab/GenIE/Sequencing/K562/13_c5_S45_L001_R2_001.fastq.gz	150	188	20	10	0.109	NBN_13_c5.extendedFrags.fastq.gz
NBN_13_c6	/nfs/team151/WetLab/GenIE/Sequencing/K562/13_c6_S46_L001_R1_001.fastq.gz	/nfs/team151/WetLab/GenIE/Sequencing/K562/13_c6_S46_L001_R2_001.fastq.gz	150	188	20	10	0.109	NBN_13_c6.extendedFrags.fastq.gz
NBN_13_c7	/nfs/team151/WetLab/GenIE/Sequencing/K562/13_c7_S47_L001_R1_001.fastq.gz	/nfs/team151/WetLab/GenIE/Sequencing/K562/13_c7_S47_L001_R2_001.fastq.gz	150	188	20	10	0.109	NBN_13_c7.extendedFrags.fastq.gz
NBN_13_c8	/nfs/team151/WetLab/GenIE/Sequencing/K562/13_c8_S48_L001_R1_001.fastq.gz	/nfs/team151/WetLab/GenIE/Sequencing/K562/13_c8_S48_L001_R2_001.fastq.gz	150	188	20	10	0.109	NBN_13_c8.extendedFrags.fastq.gz
NBN_13_g1	/nfs/team151/WetLab/GenIE/Sequencing/K562/13_g1_S37_L001_R1_001.fastq.gz	/nfs/team151/WetLab/GenIE/Sequencing/K562/13_g1_S37_L001_R2_001.fastq.gz	150	188	20	10	0.109	NBN_13_g1.extendedFrags.fastq.gz
NBN_13_g2	/nfs/team151/WetLab/GenIE/Sequencing/K562/13_g2_S38_L001_R1_001.fastq.gz	/nfs/team151/WetLab/GenIE/Sequencing/K562/13_g2_S38_L001_R2_001.fastq.gz	150	188	20	10	0.109	NBN_13_g2.extendedFrags.fastq.gz
NBN_13_g3	/nfs/team151/WetLab/GenIE/Sequencing/K562/13_g3_S39_L001_R1_001.fastq.gz	/nfs/team151/WetLab/GenIE/Sequencing/K562/13_g3_S39_L001_R2_001.fastq.gz	150	188	20	10	0.109	NBN_13_g3.extendedFrags.fastq.gz
NBN_13_g4	/nfs/team151/WetLab/GenIE/Sequencing/K562/13_g4_S40_L001_R1_001.fastq.gz	/nfs/team151/WetLab/GenIE/Sequencing/K562/13_g4_S40_L001_R2_001.fastq.gz	150	188	20	10	0.109	NBN_13_g4.extendedFrags.fastq.gz
SAV1_1_c1	/nfs/team151/WetLab/GenIE/Sequencing/K562/1_c1_S185_L001_R1_001.fastq.gz	/nfs/team151/WetLab/GenIE/Sequencing/K562/1_c1_S185_L001_R2_001.fastq.gz	150	348	20	4	0.15	SAV1_1_c1.extendedFrags.fastq.gz
SAV1_1_c2	/nfs/team151/WetLab/GenIE/Sequencing/K562/1_c2_S186_L001_R1_001.fastq.gz	/nfs/team151/WetLab/GenIE/Sequencing/K562/1_c2_S186_L001_R2_001.fastq.gz	150	348	20	4	0.15	SAV1_1_c2.extendedFrags.fastq.gz
SAV1_1_c3	/nfs/team151/WetLab/GenIE/Sequencing/K562/1_c3_S187_L001_R1_001.fastq.gz	/nfs/team151/WetLab/GenIE/Sequencing/K562/1_c3_S187_L001_R2_001.fastq.gz	150	348	20	4	0.15	SAV1_1_c3.extendedFrags.fastq.gz
SAV1_1_c4	/nfs/team151/WetLab/GenIE/Sequencing/K562/1_c4_S188_L001_R1_001.fastq.gz	/nfs/team151/WetLab/GenIE/Sequencing/K562/1_c4_S188_L001_R2_001.fastq.gz	150	348	20	4	0.15	SAV1_1_c4.extendedFrags.fastq.gz
SAV1_1_c5	/nfs/team151/WetLab/GenIE/Sequencing/K562/1_c5_S189_L001_R1_001.fastq.gz	/nfs/team151/WetLab/GenIE/Sequencing/K562/1_c5_S189_L001_R2_001.fastq.gz	150	348	20	4	0.15	SAV1_1_c5.extendedFrags.fastq.gz
SAV1_1_c6	/nfs/team151/WetLab/GenIE/Sequencing/K562/1_c6_S190_L001_R1_001.fastq.gz	/nfs/team151/WetLab/GenIE/Sequencing/K562/1_c6_S190_L001_R2_001.fastq.gz	150	348	20	4	0.15	SAV1_1_c6.extendedFrags.fastq.gz
SAV1_1_c7	/nfs/team151/WetLab/GenIE/Sequencing/K562/1_c7_S191_L001_R1_001.fastq.gz	/nfs/team151/WetLab/GenIE/Sequencing/K562/1_c7_S191_L001_R2_001.fastq.gz	150	348	20	4	0.15	SAV1_1_c7.extendedFrags.fastq.gz
SAV1_1_c8	/nfs/team151/WetLab/GenIE/Sequencing/K562/1_c8_S192_L001_R1_001.fastq.gz	/nfs/team151/WetLab/GenIE/Sequencing/K562/1_c8_S192_L001_R2_001.fastq.gz	150	348	20	4	0.15	SAV1_1_c8.extendedFrags.fastq.gz
SAV1_1_g1	/nfs/team151/WetLab/GenIE/Sequencing/K562/1_g1_S181_L001_R1_001.fastq.gz	/nfs/team151/WetLab/GenIE/Sequencing/K562/1_g1_S181_L001_R2_001.fastq.gz	150	348	20	4	0.15	SAV1_1_g1.extendedFrags.fastq.gz
SAV1_1_g2	/nfs/team151/WetLab/GenIE/Sequencing/K562/1_g2_S182_L001_R1_001.fastq.gz	/nfs/team151/WetLab/GenIE/Sequencing/K562/1_g2_S182_L001_R2_001.fastq.gz	150	348	20	4	0.15	SAV1_1_g2.extendedFrags.fastq.gz
SAV1_1_g3	/nfs/team151/WetLab/GenIE/Sequencing/K562/1_g3_S183_L001_R1_001.fastq.gz	/nfs/team151/WetLab/GenIE/Sequencing/K562/1_g3_S183_L001_R2_001.fastq.gz	150	348	20	4	0.15	SAV1_1_g3.extendedFrags.fastq.gz
SAV1_1_g4	/nfs/team151/WetLab/GenIE/Sequencing/K562/1_g4_S184_L001_R1_001.fastq.gz	/nfs/team151/WetLab/GenIE/Sequencing/K562/1_g4_S184_L001_R2_001.fastq.gz	150	348	20	4	0.15	SAV1_1_g4.extendedFrags.fastq.gz
SH2B3_5_c1	/nfs/team151/WetLab/GenIE/Sequencing/K562/5_c1_S137_L001_R1_001.fastq.gz	/nfs/team151/WetLab/GenIE/Sequencing/K562/5_c1_S137_L001_R2_001.fastq.gz	150	192	20	10	0.109	SH2B3_5_c1.extendedFrags.fastq.gz
SH2B3_5_c2	/nfs/team151/WetLab/GenIE/Sequencing/K562/5_c2_S138_L001_R1_001.fastq.gz	/nfs/team151/WetLab/GenIE/Sequencing/K562/5_c2_S138_L001_R2_001.fastq.gz	150	192	20	10	0.109	SH2B3_5_c2.extendedFrags.fastq.gz
SH2B3_5_c3	/nfs/team151/WetLab/GenIE/Sequencing/K562/5_c3_S139_L001_R1_001.fastq.gz	/nfs/team151/WetLab/GenIE/Sequencing/K562/5_c3_S139_L001_R2_001.fastq.gz	150	192	20	10	0.109	SH2B3_5_c3.extendedFrags.fastq.gz
SH2B3_5_c4	/nfs/team151/WetLab/GenIE/Sequencing/K562/5_c4_S140_L001_R1_001.fastq.gz	/nfs/team151/WetLab/GenIE/Sequencing/K562/5_c4_S140_L001_R2_001.fastq.gz	150	192	20	10	0.109	SH2B3_5_c4.extendedFrags.fastq.gz
SH2B3_5_c5	/nfs/team151/WetLab/GenIE/Sequencing/K562/5_c5_S141_L001_R1_001.fastq.gz	/nfs/team151/WetLab/GenIE/Sequencing/K562/5_c5_S141_L001_R2_001.fastq.gz	150	192	20	10	0.109	SH2B3_5_c5.extendedFrags.fastq.gz
SH2B3_5_c6	/nfs/team151/WetLab/GenIE/Sequencing/K562/5_c6_S142_L001_R1_001.fastq.gz	/nfs/team151/WetLab/GenIE/Sequencing/K562/5_c6_S142_L001_R2_001.fastq.gz	150	192	20	10	0.109	SH2B3_5_c6.extendedFrags.fastq.gz
SH2B3_5_c7	/nfs/team151/WetLab/GenIE/Sequencing/K562/5_c7_S143_L001_R1_001.fastq.gz	/nfs/team151/WetLab/GenIE/Sequencing/K562/5_c7_S143_L001_R2_001.fastq.gz	150	192	20	10	0.109	SH2B3_5_c7.extendedFrags.fastq.gz
SH2B3_5_c8	/nfs/team151/WetLab/GenIE/Sequencing/K562/5_c8_S144_L001_R1_001.fastq.gz	/nfs/team151/WetLab/GenIE/Sequencing/K562/5_c8_S144_L001_R2_001.fastq.gz	150	192	20	10	0.109	SH2B3_5_c8.extendedFrags.fastq.gz
SH2B3_5_g1	/nfs/team151/WetLab/GenIE/Sequencing/K562/5_g1_S133_L001_R1_001.fastq.gz	/nfs/team151/WetLab/GenIE/Sequencing/K562/5_g1_S133_L001_R2_001.fastq.gz	150	192	20	10	0.109	SH2B3_5_g1.extendedFrags.fastq.gz
SH2B3_5_g2	/nfs/team151/WetLab/GenIE/Sequencing/K562/5_g2_S134_L001_R1_001.fastq.gz	/nfs/team151/WetLab/GenIE/Sequencing/K562/5_g2_S134_L001_R2_001.fastq.gz	150	192	20	10	0.109	SH2B3_5_g2.extendedFrags.fastq.gz
SH2B3_5_g3	/nfs/team151/WetLab/GenIE/Sequencing/K562/5_g3_S135_L001_R1_001.fastq.gz	/nfs/team151/WetLab/GenIE/Sequencing/K562/5_g3_S135_L001_R2_001.fastq.gz	150	192	20	10	0.109	SH2B3_5_g3.extendedFrags.fastq.gz
SH2B3_5_g4	/nfs/team151/WetLab/GenIE/Sequencing/K562/5_g4_S136_L001_R1_001.fastq.gz	/nfs/team151/WetLab/GenIE/Sequencing/K562/5_g4_S136_L001_R2_001.fastq.gz	150	192	20	10	0.109	SH2B3_5_g4.extendedFrags.fastq.gz
TNRC6A_4_c1	/nfs/team151/WetLab/GenIE/Sequencing/K562/4_c1_S149_L001_R1_001.fastq.gz	/nfs/team151/WetLab/GenIE/Sequencing/K562/4_c1_S149_L001_R2_001.fastq.gz	150	292	20	7	0.15	TNRC6A_4_c1.extendedFrags.fastq.gz
TNRC6A_4_c2	/nfs/team151/WetLab/GenIE/Sequencing/K562/4_c2_S150_L001_R1_001.fastq.gz	/nfs/team151/WetLab/GenIE/Sequencing/K562/4_c2_S150_L001_R2_001.fastq.gz	150	292	20	7	0.15	TNRC6A_4_c2.extendedFrags.fastq.gz
TNRC6A_4_c3	/nfs/team151/WetLab/GenIE/Sequencing/K562/4_c3_S151_L001_R1_001.fastq.gz	/nfs/team151/WetLab/GenIE/Sequencing/K562/4_c3_S151_L001_R2_001.fastq.gz	150	292	20	7	0.15	TNRC6A_4_c3.extendedFrags.fastq.gz
TNRC6A_4_c4	/nfs/team151/WetLab/GenIE/Sequencing/K562/4_c4_S152_L001_R1_001.fastq.gz	/nfs/team151/WetLab/GenIE/Sequencing/K562/4_c4_S152_L001_R2_001.fastq.gz	150	292	20	7	0.15	TNRC6A_4_c4.extendedFrags.fastq.gz
TNRC6A_4_c5	/nfs/team151/WetLab/GenIE/Sequencing/K562/4_c5_S153_L001_R1_001.fastq.gz	/nfs/team151/WetLab/GenIE/Sequencing/K562/4_c5_S153_L001_R2_001.fastq.gz	150	292	20	7	0.15	TNRC6A_4_c5.extendedFrags.fastq.gz
TNRC6A_4_c6	/nfs/team151/WetLab/GenIE/Sequencing/K562/4_c6_S154_L001_R1_001.fastq.gz	/nfs/team151/WetLab/GenIE/Sequencing/K562/4_c6_S154_L001_R2_001.fastq.gz	150	292	20	7	0.15	TNRC6A_4_c6.extendedFrags.fastq.gz
TNRC6A_4_c7	/nfs/team151/WetLab/GenIE/Sequencing/K562/4_c7_S155_L001_R1_001.fastq.gz	/nfs/team151/WetLab/GenIE/Sequencing/K562/4_c7_S155_L001_R2_001.fastq.gz	150	292	20	7	0.15	TNRC6A_4_c7.extendedFrags.fastq.gz
TNRC6A_4_c8	/nfs/team151/WetLab/GenIE/Sequencing/K562/4_c8_S156_L001_R1_001.fastq.gz	/nfs/team151/WetLab/GenIE/Sequencing/K562/4_c8_S156_L001_R2_001.fastq.gz	150	292	20	7	0.15	TNRC6A_4_c8.extendedFrags.fastq.gz
TNRC6A_4_g1	/nfs/team151/WetLab/GenIE/Sequencing/K562/4_g1_S145_L001_R1_001.fastq.gz	/nfs/team151/WetLab/GenIE/Sequencing/K562/4_g1_S145_L001_R2_001.fastq.gz	150	292	20	7	0.15	TNRC6A_4_g1.extendedFrags.fastq.gz
TNRC6A_4_g2	/nfs/team151/WetLab/GenIE/Sequencing/K562/4_g2_S146_L001_R1_001.fastq.gz	/nfs/team151/WetLab/GenIE/Sequencing/K562/4_g2_S146_L001_R2_001.fastq.gz	150	292	20	7	0.15	TNRC6A_4_g2.extendedFrags.fastq.gz
TNRC6A_4_g3	/nfs/team151/WetLab/GenIE/Sequencing/K562/4_g3_S147_L001_R1_001.fastq.gz	/nfs/team151/WetLab/GenIE/Sequencing/K562/4_g3_S147_L001_R2_001.fastq.gz	150	292	20	7	0.15	TNRC6A_4_g3.extendedFrags.fastq.gz
TNRC6A_4_g4	/nfs/team151/WetLab/GenIE/Sequencing/K562/4_g4_S148_L001_R1_001.fastq.gz	/nfs/team151/WetLab/GenIE/Sequencing/K562/4_g4_S148_L001_R2_001.fastq.gz	150	292	20	7	0.15	TNRC6A_4_g4.extendedFrags.fastq.gz
UBAC1_8_c1	/nfs/team151/WetLab/GenIE/Sequencing/K562/8_c1_S101_L001_R1_001.fastq.gz	/nfs/team151/WetLab/GenIE/Sequencing/K562/8_c1_S101_L001_R2_001.fastq.gz	150	231	20	10	0.114	UBAC1_8_c1.extendedFrags.fastq.gz
UBAC1_8_c2	/nfs/team151/WetLab/GenIE/Sequencing/K562/8_c2_S102_L001_R1_001.fastq.gz	/nfs/team151/WetLab/GenIE/Sequencing/K562/8_c2_S102_L001_R2_001.fastq.gz	150	231	20	10	0.114	UBAC1_8_c2.extendedFrags.fastq.gz
UBAC1_8_c3	/nfs/team151/WetLab/GenIE/Sequencing/K562/8_c3_S103_L001_R1_001.fastq.gz	/nfs/team151/WetLab/GenIE/Sequencing/K562/8_c3_S103_L001_R2_001.fastq.gz	150	231	20	10	0.114	UBAC1_8_c3.extendedFrags.fastq.gz
UBAC1_8_c4	/nfs/team151/WetLab/GenIE/Sequencing/K562/8_c4_S104_L001_R1_001.fastq.gz	/nfs/team151/WetLab/GenIE/Sequencing/K562/8_c4_S104_L001_R2_001.fastq.gz	150	231	20	10	0.114	UBAC1_8_c4.extendedFrags.fastq.gz
UBAC1_8_c5	/nfs/team151/WetLab/GenIE/Sequencing/K562/8_c5_S105_L001_R1_001.fastq.gz	/nfs/team151/WetLab/GenIE/Sequencing/K562/8_c5_S105_L001_R2_001.fastq.gz	150	231	20	10	0.114	UBAC1_8_c5.extendedFrags.fastq.gz
UBAC1_8_c6	/nfs/team151/WetLab/GenIE/Sequencing/K562/8_c6_S106_L001_R1_001.fastq.gz	/nfs/team151/WetLab/GenIE/Sequencing/K562/8_c6_S106_L001_R2_001.fastq.gz	150	231	20	10	0.114	UBAC1_8_c6.extendedFrags.fastq.gz
UBAC1_8_c7	/nfs/team151/WetLab/GenIE/Sequencing/K562/8_c7_S107_L001_R1_001.fastq.gz	/nfs/team151/WetLab/GenIE/Sequencing/K562/8_c7_S107_L001_R2_001.fastq.gz	150	231	20	10	0.114	UBAC1_8_c7.extendedFrags.fastq.gz
UBAC1_8_c8	/nfs/team151/WetLab/GenIE/Sequencing/K562/8_c8_S108_L001_R1_001.fastq.gz	/nfs/team151/WetLab/GenIE/Sequencing/K562/8_c8_S108_L001_R2_001.fastq.gz	150	231	20	10	0.114	UBAC1_8_c8.extendedFrags.fastq.gz
UBAC1_8_g1	/nfs/team151/WetLab/GenIE/Sequencing/K562/8_g1_S97_L001_R1_001.fastq.gz	/nfs/team151/WetLab/GenIE/Sequencing/K562/8_g1_S97_L001_R2_001.fastq.gz	150	231	20	10	0.114	UBAC1_8_g1.extendedFrags.fastq.gz
UBAC1_8_g2	/nfs/team151/WetLab/GenIE/Sequencing/K562/8_g2_S98_L001_R1_001.fastq.gz	/nfs/team151/WetLab/GenIE/Sequencing/K562/8_g2_S98_L001_R2_001.fastq.gz	150	231	20	10	0.114	UBAC1_8_g2.extendedFrags.fastq.gz
UBAC1_8_g3	/nfs/team151/WetLab/GenIE/Sequencing/K562/8_g3_S99_L001_R1_001.fastq.gz	/nfs/team151/WetLab/GenIE/Sequencing/K562/8_g3_S99_L001_R2_001.fastq.gz	150	231	20	10	0.114	UBAC1_8_g3.extendedFrags.fastq.gz
UBAC1_8_g4	/nfs/team151/WetLab/GenIE/Sequencing/K562/8_g4_S100_L001_R1_001.fastq.gz	/nfs/team151/WetLab/GenIE/Sequencing/K562/8_g4_S100_L001_R2_001.fastq.gz	150	231	20	10	0.114	UBAC1_8_g4.extendedFrags.fastq.gz
UGCG_9_c1	/nfs/team151/WetLab/GenIE/Sequencing/K562/9_c1_S89_L001_R1_001.fastq.gz	/nfs/team151/WetLab/GenIE/Sequencing/K562/9_c1_S89_L001_R2_001.fastq.gz	150	230	20	10	0.114	UGCG_9_c1.extendedFrags.fastq.gz
UGCG_9_c2	/nfs/team151/WetLab/GenIE/Sequencing/K562/9_c2_S90_L001_R1_001.fastq.gz	/nfs/team151/WetLab/GenIE/Sequencing/K562/9_c2_S90_L001_R2_001.fastq.gz	150	230	20	10	0.114	UGCG_9_c2.extendedFrags.fastq.gz
UGCG_9_c3	/nfs/team151/WetLab/GenIE/Sequencing/K562/9_c3_S91_L001_R1_001.fastq.gz	/nfs/team151/WetLab/GenIE/Sequencing/K562/9_c3_S91_L001_R2_001.fastq.gz	150	230	20	10	0.114	UGCG_9_c3.extendedFrags.fastq.gz
UGCG_9_c4	/nfs/team151/WetLab/GenIE/Sequencing/K562/9_c4_S92_L001_R1_001.fastq.gz	/nfs/team151/WetLab/GenIE/Sequencing/K562/9_c4_S92_L001_R2_001.fastq.gz	150	230	20	10	0.114	UGCG_9_c4.extendedFrags.fastq.gz
UGCG_9_c5	/nfs/team151/WetLab/GenIE/Sequencing/K562/9_c5_S93_L001_R1_001.fastq.gz	/nfs/team151/WetLab/GenIE/Sequencing/K562/9_c5_S93_L001_R2_001.fastq.gz	150	230	20	10	0.114	UGCG_9_c5.extendedFrags.fastq.gz
UGCG_9_c6	/nfs/team151/WetLab/GenIE/Sequencing/K562/9_c6_S94_L001_R1_001.fastq.gz	/nfs/team151/WetLab/GenIE/Sequencing/K562/9_c6_S94_L001_R2_001.fastq.gz	150	230	20	10	0.114	UGCG_9_c6.extendedFrags.fastq.gz
UGCG_9_c7	/nfs/team151/WetLab/GenIE/Sequencing/K562/9_c7_S95_L001_R1_001.fastq.gz	/nfs/team151/WetLab/GenIE/Sequencing/K562/9_c7_S95_L001_R2_001.fastq.gz	150	230	20	10	0.114	UGCG_9_c7.extendedFrags.fastq.gz
UGCG_9_c8	/nfs/team151/WetLab/GenIE/Sequencing/K562/9_c8_S96_L001_R1_001.fastq.gz	/nfs/team151/WetLab/GenIE/Sequencing/K562/9_c8_S96_L001_R2_001.fastq.gz	150	230	20	10	0.114	UGCG_9_c8.extendedFrags.fastq.gz
UGCG_9_g1	/nfs/team151/WetLab/GenIE/Sequencing/K562/9_g1_S85_L001_R1_001.fastq.gz	/nfs/team151/WetLab/GenIE/Sequencing/K562/9_g1_S85_L001_R2_001.fastq.gz	150	230	20	10	0.114	UGCG_9_g1.extendedFrags.fastq.gz
UGCG_9_g2	/nfs/team151/WetLab/GenIE/Sequencing/K562/9_g2_S86_L001_R1_001.fastq.gz	/nfs/team151/WetLab/GenIE/Sequencing/K562/9_g2_S86_L001_R2_001.fastq.gz	150	230	20	10	0.114	UGCG_9_g2.extendedFrags.fastq.gz
UGCG_9_g3	/nfs/team151/WetLab/GenIE/Sequencing/K562/9_g3_S87_L001_R1_001.fastq.gz	/nfs/team151/WetLab/GenIE/Sequencing/K562/9_g3_S87_L001_R2_001.fastq.gz	150	230	20	10	0.114	UGCG_9_g3.extendedFrags.fastq.gz
UGCG_9_g4	/nfs/team151/WetLab/GenIE/Sequencing/K562/9_g4_S88_L001_R1_001.fastq.gz	/nfs/team151/WetLab/GenIE/Sequencing/K562/9_g4_S88_L001_R2_001.fastq.gz	150	230	20	10	0.114	UGCG_9_g4.extendedFrags.fastq.gz
ZNRF3_11_c1	/nfs/team151/WetLab/GenIE/Sequencing/K562/11_c1_S65_L001_R1_001.fastq.gz	/nfs/team151/WetLab/GenIE/Sequencing/K562/11_c1_S65_L001_R2_001.fastq.gz	150	293	20	6	0.15	ZNRF3_11_c1.extendedFrags.fastq.gz
ZNRF3_11_c2	/nfs/team151/WetLab/GenIE/Sequencing/K562/11_c2_S66_L001_R1_001.fastq.gz	/nfs/team151/WetLab/GenIE/Sequencing/K562/11_c2_S66_L001_R2_001.fastq.gz	150	293	20	6	0.15	ZNRF3_11_c2.extendedFrags.fastq.gz
ZNRF3_11_c3	/nfs/team151/WetLab/GenIE/Sequencing/K562/11_c3_S67_L001_R1_001.fastq.gz	/nfs/team151/WetLab/GenIE/Sequencing/K562/11_c3_S67_L001_R2_001.fastq.gz	150	293	20	6	0.15	ZNRF3_11_c3.extendedFrags.fastq.gz
ZNRF3_11_c4	/nfs/team151/WetLab/GenIE/Sequencing/K562/11_c4_S68_L001_R1_001.fastq.gz	/nfs/team151/WetLab/GenIE/Sequencing/K562/11_c4_S68_L001_R2_001.fastq.gz	150	293	20	6	0.15	ZNRF3_11_c4.extendedFrags.fastq.gz
ZNRF3_11_c5	/nfs/team151/WetLab/GenIE/Sequencing/K562/11_c5_S69_L001_R1_001.fastq.gz	/nfs/team151/WetLab/GenIE/Sequencing/K562/11_c5_S69_L001_R2_001.fastq.gz	150	293	20	6	0.15	ZNRF3_11_c5.extendedFrags.fastq.gz
ZNRF3_11_c6	/nfs/team151/WetLab/GenIE/Sequencing/K562/11_c6_S70_L001_R1_001.fastq.gz	/nfs/team151/WetLab/GenIE/Sequencing/K562/11_c6_S70_L001_R2_001.fastq.gz	150	293	20	6	0.15	ZNRF3_11_c6.extendedFrags.fastq.gz
ZNRF3_11_c7	/nfs/team151/WetLab/GenIE/Sequencing/K562/11_c7_S71_L001_R1_001.fastq.gz	/nfs/team151/WetLab/GenIE/Sequencing/K562/11_c7_S71_L001_R2_001.fastq.gz	150	293	20	6	0.15	ZNRF3_11_c7.extendedFrags.fastq.gz
ZNRF3_11_c8	/nfs/team151/WetLab/GenIE/Sequencing/K562/11_c8_S72_L001_R1_001.fastq.gz	/nfs/team151/WetLab/GenIE/Sequencing/K562/11_c8_S72_L001_R2_001.fastq.gz	150	293	20	6	0.15	ZNRF3_11_c8.extendedFrags.fastq.gz
ZNRF3_11_g1	/nfs/team151/WetLab/GenIE/Sequencing/K562/11_g1_S61_L001_R1_001.fastq.gz	/nfs/team151/WetLab/GenIE/Sequencing/K562/11_g1_S61_L001_R2_001.fastq.gz	150	293	20	6	0.15	ZNRF3_11_g1.extendedFrags.fastq.gz
ZNRF3_11_g2	/nfs/team151/WetLab/GenIE/Sequencing/K562/11_g2_S62_L001_R1_001.fastq.gz	/nfs/team151/WetLab/GenIE/Sequencing/K562/11_g2_S62_L001_R2_001.fastq.gz	150	293	20	6	0.15	ZNRF3_11_g2.extendedFrags.fastq.gz
ZNRF3_11_g3	/nfs/team151/WetLab/GenIE/Sequencing/K562/11_g3_S63_L001_R1_001.fastq.gz	/nfs/team151/WetLab/GenIE/Sequencing/K562/11_g3_S63_L001_R2_001.fastq.gz	150	293	20	6	0.15	ZNRF3_11_g3.extendedFrags.fastq.gz
ZNRF3_11_g4	/nfs/team151/WetLab/GenIE/Sequencing/K562/11_g4_S64_L001_R1_001.fastq.gz	/nfs/team151/WetLab/GenIE/Sequencing/K562/11_g4_S64_L001_R2_001.fastq.gz	150	293	20	6	0.15	ZNRF3_11_g4.extendedFrags.fastq.gz
